"grid_id","OBJECTID","PROVINSI","Shape_Leng","Shape_Area","spbu_count","gi_star","gi_pvalue","hotspot_category","hotspot_simplified"
12,6,"DKI JAKARTA",3.12368876768,0.05342566794,0,-0.901529826096802,0.367306682898714,"Not Significant","Not Significant"
13,6,"DKI JAKARTA",3.12368876768,0.05342566794,0,-1.05748813660945,0.290288866081932,"Not Significant","Not Significant"
14,6,"DKI JAKARTA",3.12368876768,0.05342566794,0,-0.762301863164175,0.445879862158022,"Not Significant","Not Significant"
21,6,"DKI JAKARTA",3.12368876768,0.05342566794,0,-0.519780063023282,0.603216876638196,"Not Significant","Not Significant"
22,6,"DKI JAKARTA",3.12368876768,0.05342566794,0,0.351521840296838,0.725196890443115,"Not Significant","Not Significant"
23,6,"DKI JAKARTA",3.12368876768,0.05342566794,9,-1.16075008213896,0.245743548427487,"Not Significant","Not Significant"
24,6,"DKI JAKARTA",3.12368876768,0.05342566794,0,-0.19352821293134,0.846545312957808,"Not Significant","Not Significant"
25,6,"DKI JAKARTA",3.12368876768,0.05342566794,0,-1.16548312706921,0.243823486186684,"Not Significant","Not Significant"
26,6,"DKI JAKARTA",3.12368876768,0.05342566794,0,-0.901529826096802,0.367306682898714,"Not Significant","Not Significant"
44,6,"DKI JAKARTA",3.12368876768,0.05342566794,0,-1.05748813660945,0.290288866081932,"Not Significant","Not Significant"
45,6,"DKI JAKARTA",3.12368876768,0.05342566794,0,-1.30619773322459,0.191485323489477,"Not Significant","Not Significant"
46,6,"DKI JAKARTA",3.12368876768,0.05342566794,1,-1.10570935835303,0.26885233812916,"Not Significant","Not Significant"
47,6,"DKI JAKARTA",3.12368876768,0.05342566794,0,-0.841498155689922,0.400068917810153,"Not Significant","Not Significant"
48,6,"DKI JAKARTA",3.12368876768,0.05342566794,0,-0.949493146149686,0.342369856242425,"Not Significant","Not Significant"
49,6,"DKI JAKARTA",3.12368876768,0.05342566794,0,-0.901529826096802,0.367306682898714,"Not Significant","Not Significant"
51,6,"DKI JAKARTA",3.12368876768,0.05342566794,0,-0.205390011433668,0.837267423649106,"Not Significant","Not Significant"
52,6,"DKI JAKARTA",3.12368876768,0.05342566794,5,-1.1619244265021,0.245266164121094,"Not Significant","Not Significant"
53,6,"DKI JAKARTA",3.12368876768,0.05342566794,0,-0.685685549534199,0.492911421099198,"Not Significant","Not Significant"
54,6,"DKI JAKARTA",3.12368876768,0.05342566794,0,-0.46694205724666,0.640541334095015,"Not Significant","Not Significant"
55,6,"DKI JAKARTA",3.12368876768,0.05342566794,0,-0.621752006540324,0.534104948868529,"Not Significant","Not Significant"
56,6,"DKI JAKARTA",3.12368876768,0.05342566794,0,-0.707307722375858,0.47937526758539,"Not Significant","Not Significant"
57,6,"DKI JAKARTA",3.12368876768,0.05342566794,0,-1.47730916489566,0.139592782400791,"Not Significant","Not Significant"
58,6,"DKI JAKARTA",3.12368876768,0.05342566794,0,-1.16548312706921,0.243823486186684,"Not Significant","Not Significant"
76,6,"DKI JAKARTA",3.12368876768,0.05342566794,0,-0.762301863164175,0.445879862158022,"Not Significant","Not Significant"
77,6,"DKI JAKARTA",3.12368876768,0.05342566794,1,-1.28848371950156,0.197577632514385,"Not Significant","Not Significant"
78,6,"DKI JAKARTA",3.12368876768,0.05342566794,0,-1.04953058571799,0.293933985859834,"Not Significant","Not Significant"
79,6,"DKI JAKARTA",3.12368876768,0.05342566794,2,-1.21853127191131,0.223022148541826,"Not Significant","Not Significant"
80,6,"DKI JAKARTA",3.12368876768,0.05342566794,0,-1.13508630155353,0.256339160502302,"Not Significant","Not Significant"
81,6,"DKI JAKARTA",3.12368876768,0.05342566794,0,-1.05748813660945,0.290288866081932,"Not Significant","Not Significant"
83,6,"DKI JAKARTA",3.12368876768,0.05342566794,0,-0.625508174770395,0.531637584821962,"Not Significant","Not Significant"
84,6,"DKI JAKARTA",3.12368876768,0.05342566794,0,-0.963974869882459,0.335058525153653,"Not Significant","Not Significant"
85,6,"DKI JAKARTA",3.12368876768,0.05342566794,0,-0.878419154046925,0.379716293579979,"Not Significant","Not Significant"
86,6,"DKI JAKARTA",3.12368876768,0.05342566794,1,-0.962904609620143,0.335595396083519,"Not Significant","Not Significant"
87,6,"DKI JAKARTA",3.12368876768,0.05342566794,0,-0.621752006540324,0.534104948868529,"Not Significant","Not Significant"
88,6,"DKI JAKARTA",3.12368876768,0.05342566794,0,-0.707307722375858,0.47937526758539,"Not Significant","Not Significant"
89,6,"DKI JAKARTA",3.12368876768,0.05342566794,0,-1.13508630155353,0.256339160502302,"Not Significant","Not Significant"
90,6,"DKI JAKARTA",3.12368876768,0.05342566794,0,-1.16548312706921,0.243823486186684,"Not Significant","Not Significant"
109,6,"DKI JAKARTA",3.12368876768,0.05342566794,0,-0.949493146149686,0.342369856242425,"Not Significant","Not Significant"
110,6,"DKI JAKARTA",3.12368876768,0.05342566794,0,-1.04953058571799,0.293933985859834,"Not Significant","Not Significant"
111,6,"DKI JAKARTA",3.12368876768,0.05342566794,1,-0.962904609620143,0.335595396083519,"Not Significant","Not Significant"
112,6,"DKI JAKARTA",3.12368876768,0.05342566794,1,-0.962904609620143,0.335595396083519,"Not Significant","Not Significant"
113,6,"DKI JAKARTA",3.12368876768,0.05342566794,0,-0.92393846269432,0.3555183560399,"Not Significant","Not Significant"
114,6,"DKI JAKARTA",3.12368876768,0.05342566794,0,-0.949493146149686,0.342369856242425,"Not Significant","Not Significant"
115,6,"DKI JAKARTA",3.12368876768,0.05342566794,0,-1.28953558705245,0.197211952666549,"Not Significant","Not Significant"
116,6,"DKI JAKARTA",3.12368876768,0.05342566794,0,-1.39175344906013,0.163997070827129,"Not Significant","Not Significant"
117,6,"DKI JAKARTA",3.12368876768,0.05342566794,1,-1.39062655442204,0.164338699674862,"Not Significant","Not Significant"
118,6,"DKI JAKARTA",3.12368876768,0.05342566794,0,-0.365084859033724,0.715048062757746,"Not Significant","Not Significant"
119,6,"DKI JAKARTA",3.12368876768,0.05342566794,5,-0.531555735608029,0.595033729159504,"Not Significant","Not Significant"
120,6,"DKI JAKARTA",3.12368876768,0.05342566794,4,-0.532398763043411,0.594449841715355,"Not Significant","Not Significant"
121,6,"DKI JAKARTA",3.12368876768,0.05342566794,0,-1.13508630155353,0.256339160502302,"Not Significant","Not Significant"
122,6,"DKI JAKARTA",3.12368876768,0.05342566794,0,-1.16548312706921,0.243823486186684,"Not Significant","Not Significant"
141,6,"DKI JAKARTA",3.12368876768,0.05342566794,0,-1.05748813660945,0.290288866081932,"Not Significant","Not Significant"
142,6,"DKI JAKARTA",3.12368876768,0.05342566794,1,-1.39062655442204,0.164338699674862,"Not Significant","Not Significant"
143,6,"DKI JAKARTA",3.12368876768,0.05342566794,0,-1.04953058571799,0.293933985859834,"Not Significant","Not Significant"
144,6,"DKI JAKARTA",3.12368876768,0.05342566794,2,0.321187028353339,0.74806866168202,"Not Significant","Not Significant"
145,6,"DKI JAKARTA",3.12368876768,0.05342566794,1,0.405805613745934,0.684885433579983,"Not Significant","Not Significant"
146,6,"DKI JAKARTA",3.12368876768,0.05342566794,1,0.234716835825174,0.814428519641139,"Not Significant","Not Significant"
147,6,"DKI JAKARTA",3.12368876768,0.05342566794,0,-1.22064201738906,0.222221590195614,"Not Significant","Not Significant"
148,6,"DKI JAKARTA",3.12368876768,0.05342566794,0,-1.22064201738906,0.222221590195614,"Not Significant","Not Significant"
149,6,"DKI JAKARTA",3.12368876768,0.05342566794,0,-1.30619773322459,0.191485323489477,"Not Significant","Not Significant"
150,6,"DKI JAKARTA",3.12368876768,0.05342566794,0,-0.450640574869257,0.652248618149103,"Not Significant","Not Significant"
151,6,"DKI JAKARTA",3.12368876768,0.05342566794,6,-0.70193572735535,0.482719246888933,"Not Significant","Not Significant"
152,6,"DKI JAKARTA",3.12368876768,0.05342566794,0,-0.193973427362656,0.846196688607109,"Not Significant","Not Significant"
153,6,"DKI JAKARTA",3.12368876768,0.05342566794,0,-1.13508630155353,0.256339160502302,"Not Significant","Not Significant"
154,6,"DKI JAKARTA",3.12368876768,0.05342566794,0,-1.16548312706921,0.243823486186684,"Not Significant","Not Significant"
173,6,"DKI JAKARTA",3.12368876768,0.05342566794,0,-0.762301863164175,0.445879862158022,"Not Significant","Not Significant"
174,6,"DKI JAKARTA",3.12368876768,0.05342566794,0,-0.832539181604788,0.405104671681968,"Not Significant","Not Significant"
175,6,"DKI JAKARTA",3.12368876768,0.05342566794,0,-0.792863438211392,0.427857391056895,"Not Significant","Not Significant"
176,6,"DKI JAKARTA",3.12368876768,0.05342566794,0,0.747139446828214,0.454979391098609,"Not Significant","Not Significant"
177,6,"DKI JAKARTA",3.12368876768,0.05342566794,18,-1.04288962277681,0.296999416322849,"Not Significant","Not Significant"
178,6,"DKI JAKARTA",3.12368876768,0.05342566794,0,0.404916583486079,0.685538828080697,"Not Significant","Not Significant"
179,6,"DKI JAKARTA",3.12368876768,0.05342566794,1,-1.30508216546166,0.191864870932643,"Not Significant","Not Significant"
180,6,"DKI JAKARTA",3.12368876768,0.05342566794,1,-0.193005108976725,0.846954966935112,"Not Significant","Not Significant"
181,6,"DKI JAKARTA",3.12368876768,0.05342566794,0,0.062693720143945,0.950010398157085,"Not Significant","Not Significant"
182,6,"DKI JAKARTA",3.12368876768,0.05342566794,0,0.576028015157147,0.564596245718124,"Not Significant","Not Significant"
183,6,"DKI JAKARTA",3.12368876768,0.05342566794,0,0.404916583486079,0.685538828080697,"Not Significant","Not Significant"
184,6,"DKI JAKARTA",3.12368876768,0.05342566794,0,0.148249435979478,0.882145918547671,"Not Significant","Not Significant"
185,6,"DKI JAKARTA",3.12368876768,0.05342566794,0,-0.450640574869257,0.652248618149103,"Not Significant","Not Significant"
186,6,"DKI JAKARTA",3.12368876768,0.05342566794,0,-1.38093486814198,0.167298987770008,"Not Significant","Not Significant"
187,6,"DKI JAKARTA",3.12368876768,0.05342566794,0,-0.901529826096802,0.367306682898714,"Not Significant","Not Significant"
202,6,"DKI JAKARTA",3.12368876768,0.05342566794,0,-0.623073900231549,0.533235960046157,"Not Significant","Not Significant"
203,6,"DKI JAKARTA",3.12368876768,0.05342566794,1,-1.05660446516912,0.290692141815251,"Not Significant","Not Significant"
204,6,"DKI JAKARTA",3.12368876768,0.05342566794,0,-0.949493146149686,0.342369856242425,"Not Significant","Not Significant"
205,6,"DKI JAKARTA",3.12368876768,0.05342566794,0,-1.05748813660945,0.290288866081932,"Not Significant","Not Significant"
206,6,"DKI JAKARTA",3.12368876768,0.05342566794,1,-0.831547816630253,0.405664227450368,"Not Significant","Not Significant"
207,6,"DKI JAKARTA",3.12368876768,0.05342566794,4,-1.21681045311781,0.22367634195169,"Not Significant","Not Significant"
208,6,"DKI JAKARTA",3.12368876768,0.05342566794,0,1.17491802600588,0.240027513103386,"Not Significant","Not Significant"
209,6,"DKI JAKARTA",3.12368876768,0.05342566794,1,1.34679389231011,0.178046622370623,"Not Significant","Not Significant"
210,6,"DKI JAKARTA",3.12368876768,0.05342566794,0,2.37269804770335,0.017658693375256,"Hot Spot (95% confidence)","Hot Spot"
211,6,"DKI JAKARTA",3.12368876768,0.05342566794,0,0.66158373099268,0.508238036843862,"Not Significant","Not Significant"
212,6,"DKI JAKARTA",3.12368876768,0.05342566794,0,1.94491946852568,0.051784671489767,"Hot Spot (90% confidence)","Hot Spot"
213,6,"DKI JAKARTA",3.12368876768,0.05342566794,14,0.24835488850645,0.80385983404113,"Not Significant","Not Significant"
214,6,"DKI JAKARTA",3.12368876768,0.05342566794,3,0.835392067057127,0.403496994916042,"Not Significant","Not Significant"
215,6,"DKI JAKARTA",3.12368876768,0.05342566794,1,-0.021916331055965,0.98251469760517,"Not Significant","Not Significant"
216,6,"DKI JAKARTA",3.12368876768,0.05342566794,12,-1.38556294000741,0.165880401154409,"Not Significant","Not Significant"
217,6,"DKI JAKARTA",3.12368876768,0.05342566794,0,-0.108417711527123,0.913664352180347,"Not Significant","Not Significant"
218,6,"DKI JAKARTA",3.12368876768,0.05342566794,0,-1.01533774378385,0.309944858424334,"Not Significant","Not Significant"
219,6,"DKI JAKARTA",3.12368876768,0.05342566794,0,-0.901529826096802,0.367306682898714,"Not Significant","Not Significant"
234,6,"DKI JAKARTA",3.12368876768,0.05342566794,0,-0.841498155689922,0.400068917810153,"Not Significant","Not Significant"
235,6,"DKI JAKARTA",3.12368876768,0.05342566794,1,-0.877360220659763,0.380291012408338,"Not Significant","Not Significant"
236,6,"DKI JAKARTA",3.12368876768,0.05342566794,0,0.148249435979478,0.882145918547671,"Not Significant","Not Significant"
237,6,"DKI JAKARTA",3.12368876768,0.05342566794,0,1.08936231017035,0.275994145040838,"Not Significant","Not Significant"
238,6,"DKI JAKARTA",3.12368876768,0.05342566794,0,1.26047374184142,0.207498514510817,"Not Significant","Not Significant"
239,6,"DKI JAKARTA",3.12368876768,0.05342566794,2,1.34766589519644,0.177765866019941,"Not Significant","Not Significant"
240,6,"DKI JAKARTA",3.12368876768,0.05342566794,0,1.00380659433481,0.315471845270779,"Not Significant","Not Significant"
241,6,"DKI JAKARTA",3.12368876768,0.05342566794,6,0.667510931858582,0.504445829264268,"Not Significant","Not Significant"
242,6,"DKI JAKARTA",3.12368876768,0.05342566794,9,0.156999520234154,0.875245226210596,"Not Significant","Not Significant"
243,6,"DKI JAKARTA",3.12368876768,0.05342566794,10,-0.184967148638762,0.85325480251565,"Not Significant","Not Significant"
244,6,"DKI JAKARTA",3.12368876768,0.05342566794,4,1.94859361347628,0.051343975434969,"Hot Spot (90% confidence)","Hot Spot"
245,6,"DKI JAKARTA",3.12368876768,0.05342566794,10,1.53005392303099,0.126003382149072,"Not Significant","Not Significant"
246,6,"DKI JAKARTA",3.12368876768,0.05342566794,2,2.80184428989083,0.005081139159317,"Hot Spot (99% confidence)","Hot Spot"
247,6,"DKI JAKARTA",3.12368876768,0.05342566794,0,1.94491946852568,0.051784671489767,"Hot Spot (90% confidence)","Hot Spot"
248,6,"DKI JAKARTA",3.12368876768,0.05342566794,0,0.832695162663748,0.405016673377021,"Not Significant","Not Significant"
249,6,"DKI JAKARTA",3.12368876768,0.05342566794,0,0.447050753648662,0.654838414918973,"Not Significant","Not Significant"
250,6,"DKI JAKARTA",3.12368876768,0.05342566794,4,-1.16245024842381,0.245052622544629,"Not Significant","Not Significant"
251,6,"DKI JAKARTA",3.12368876768,0.05342566794,0,0.443488158431479,0.657412682481699,"Not Significant","Not Significant"
265,6,"DKI JAKARTA",3.12368876768,0.05342566794,0,-0.205390011433668,0.837267423649106,"Not Significant","Not Significant"
266,6,"DKI JAKARTA",3.12368876768,0.05342566794,1,-0.922934997204514,0.356041081149006,"Not Significant","Not Significant"
267,6,"DKI JAKARTA",3.12368876768,0.05342566794,0,-0.365084859033724,0.715048062757746,"Not Significant","Not Significant"
268,6,"DKI JAKARTA",3.12368876768,0.05342566794,5,-0.189285700972615,0.849868901715409,"Not Significant","Not Significant"
269,6,"DKI JAKARTA",3.12368876768,0.05342566794,12,0.160154705546357,0.872759208485752,"Not Significant","Not Significant"
270,6,"DKI JAKARTA",3.12368876768,0.05342566794,12,0.331901110607887,0.739963931741988,"Not Significant","Not Significant"
271,6,"DKI JAKARTA",3.12368876768,0.05342566794,1,3.31431483839885,0.000918680023631,"Hot Spot (99% confidence)","Hot Spot"
272,6,"DKI JAKARTA",3.12368876768,0.05342566794,15,1.62730711763123,0.103671886987846,"Not Significant","Not Significant"
273,6,"DKI JAKARTA",3.12368876768,0.05342566794,0,2.88603234271655,0.003901320633998,"Hot Spot (99% confidence)","Hot Spot"
274,6,"DKI JAKARTA",3.12368876768,0.05342566794,0,1.34602945767695,0.178293016643168,"Not Significant","Not Significant"
275,6,"DKI JAKARTA",3.12368876768,0.05342566794,2,1.0055062729154,0.314653130452821,"Not Significant","Not Significant"
276,6,"DKI JAKARTA",3.12368876768,0.05342566794,0,2.45825376353889,0.01396144822208,"Hot Spot (95% confidence)","Hot Spot"
277,6,"DKI JAKARTA",3.12368876768,0.05342566794,4,1.94859361347628,0.051343975434969,"Hot Spot (90% confidence)","Hot Spot"
278,6,"DKI JAKARTA",3.12368876768,0.05342566794,8,2.1260840612372,0.033496260817658,"Hot Spot (95% confidence)","Hot Spot"
279,6,"DKI JAKARTA",3.12368876768,0.05342566794,10,0.243788119278675,0.807394922211093,"Not Significant","Not Significant"
280,6,"DKI JAKARTA",3.12368876768,0.05342566794,4,-0.61795022430271,0.53660815043847,"Not Significant","Not Significant"
281,6,"DKI JAKARTA",3.12368876768,0.05342566794,0,-0.733503165230158,0.463251598026949,"Not Significant","Not Significant"
282,6,"DKI JAKARTA",3.12368876768,0.05342566794,0,0.443488158431479,0.657412682481699,"Not Significant","Not Significant"
297,6,"DKI JAKARTA",3.12368876768,0.05342566794,0,-0.19352821293134,0.846545312957808,"Not Significant","Not Significant"
298,6,"DKI JAKARTA",3.12368876768,0.05342566794,4,-1.04570753059921,0.295696084897591,"Not Significant","Not Significant"
299,6,"DKI JAKARTA",3.12368876768,0.05342566794,0,-0.108417711527123,0.913664352180347,"Not Significant","Not Significant"
300,6,"DKI JAKARTA",3.12368876768,0.05342566794,2,2.0319851397585,0.04215516035699,"Hot Spot (95% confidence)","Hot Spot"
301,6,"DKI JAKARTA",3.12368876768,0.05342566794,0,3.91270093274296,9.1269539756e-05,"Hot Spot (99% confidence)","Hot Spot"
302,6,"DKI JAKARTA",3.12368876768,0.05342566794,0,5.19603667027596,2.03582117e-07,"Hot Spot (99% confidence)","Hot Spot"
303,6,"DKI JAKARTA",3.12368876768,0.05342566794,6,4.69026049329951,2.728574496e-06,"Hot Spot (99% confidence)","Hot Spot"
304,6,"DKI JAKARTA",3.12368876768,0.05342566794,21,2.07963085033437,0.037559405073453,"Hot Spot (95% confidence)","Hot Spot"
305,6,"DKI JAKARTA",3.12368876768,0.05342566794,0,2.03047518436122,0.042308261129713,"Hot Spot (95% confidence)","Hot Spot"
306,6,"DKI JAKARTA",3.12368876768,0.05342566794,0,-0.365084859033724,0.715048062757746,"Not Significant","Not Significant"
307,6,"DKI JAKARTA",3.12368876768,0.05342566794,6,-1.21547822456058,0.224183749022391,"Not Significant","Not Significant"
308,6,"DKI JAKARTA",3.12368876768,0.05342566794,0,0.404916583486079,0.685538828080697,"Not Significant","Not Significant"
309,6,"DKI JAKARTA",3.12368876768,0.05342566794,10,0.41529022644565,0.677929455097161,"Not Significant","Not Significant"
310,6,"DKI JAKARTA",3.12368876768,0.05342566794,6,1.60900551006816,0.107615136792442,"Not Significant","Not Significant"
311,6,"DKI JAKARTA",3.12368876768,0.05342566794,0,1.26047374184142,0.207498514510817,"Not Significant","Not Significant"
312,6,"DKI JAKARTA",3.12368876768,0.05342566794,0,-0.27952914319819,0.77983877595326,"Not Significant","Not Significant"
313,6,"DKI JAKARTA",3.12368876768,0.05342566794,0,-0.733503165230158,0.463251598026949,"Not Significant","Not Significant"
328,6,"DKI JAKARTA",3.12368876768,0.05342566794,0,1.04766165495997,0.294794520188926,"Not Significant","Not Significant"
329,6,"DKI JAKARTA",3.12368876768,0.05342566794,0,0.629849315827726,0.528793176434368,"Not Significant","Not Significant"
330,6,"DKI JAKARTA",3.12368876768,0.05342566794,4,-0.61795022430271,0.53660815043847,"Not Significant","Not Significant"
331,6,"DKI JAKARTA",3.12368876768,0.05342566794,0,-0.536196290704791,0.591822896820681,"Not Significant","Not Significant"
332,6,"DKI JAKARTA",3.12368876768,0.05342566794,0,0.832695162663748,0.405016673377021,"Not Significant","Not Significant"
333,6,"DKI JAKARTA",3.12368876768,0.05342566794,24,-0.174680239767515,0.861330895416684,"Not Significant","Not Significant"
334,6,"DKI JAKARTA",3.12368876768,0.05342566794,8,3.23962353792736,0.001196876065543,"Hot Spot (99% confidence)","Hot Spot"
335,6,"DKI JAKARTA",3.12368876768,0.05342566794,15,3.2633912561593,0.001100874228618,"Hot Spot (99% confidence)","Hot Spot"
336,6,"DKI JAKARTA",3.12368876768,0.05342566794,0,3.82714521690743,0.000129638040894,"Hot Spot (99% confidence)","Hot Spot"
337,6,"DKI JAKARTA",3.12368876768,0.05342566794,4,2.03414507473558,0.041936970456163,"Hot Spot (95% confidence)","Hot Spot"
338,6,"DKI JAKARTA",3.12368876768,0.05342566794,1,0.149172446864794,0.881417560924327,"Not Significant","Not Significant"
339,6,"DKI JAKARTA",3.12368876768,0.05342566794,0,-0.108417711527123,0.913664352180347,"Not Significant","Not Significant"
340,6,"DKI JAKARTA",3.12368876768,0.05342566794,0,-0.108417711527123,0.913664352180347,"Not Significant","Not Significant"
341,6,"DKI JAKARTA",3.12368876768,0.05342566794,0,0.576028015157147,0.564596245718124,"Not Significant","Not Significant"
342,6,"DKI JAKARTA",3.12368876768,0.05342566794,4,0.237564388290287,0.812218973838698,"Not Significant","Not Significant"
343,6,"DKI JAKARTA",3.12368876768,0.05342566794,0,-0.27952914319819,0.77983877595326,"Not Significant","Not Significant"
344,6,"DKI JAKARTA",3.12368876768,0.05342566794,0,-1.47730916489566,0.139592782400791,"Not Significant","Not Significant"
345,6,"DKI JAKARTA",3.12368876768,0.05342566794,0,-1.16548312706921,0.243823486186684,"Not Significant","Not Significant"
360,6,"DKI JAKARTA",3.12368876768,0.05342566794,8,0.244690883791403,0.80669578719159,"Not Significant","Not Significant"
361,6,"DKI JAKARTA",3.12368876768,0.05342566794,6,0.239558850854228,0.810672268175668,"Not Significant","Not Significant"
362,6,"DKI JAKARTA",3.12368876768,0.05342566794,0,0.404916583486079,0.685538828080697,"Not Significant","Not Significant"
363,6,"DKI JAKARTA",3.12368876768,0.05342566794,0,0.319360867650546,0.749452881410814,"Not Significant","Not Significant"
364,6,"DKI JAKARTA",3.12368876768,0.05342566794,1,2.37332655983467,0.017628670177046,"Hot Spot (95% confidence)","Hot Spot"
365,6,"DKI JAKARTA",3.12368876768,0.05342566794,0,3.48492235356529,0.000492279871118,"Hot Spot (99% confidence)","Hot Spot"
366,6,"DKI JAKARTA",3.12368876768,0.05342566794,4,5.28510060258897,1.25635694e-07,"Hot Spot (99% confidence)","Hot Spot"
367,6,"DKI JAKARTA",3.12368876768,0.05342566794,6,3.91994674749167,8.8568536969e-05,"Hot Spot (99% confidence)","Hot Spot"
368,6,"DKI JAKARTA",3.12368876768,0.05342566794,10,2.04456024453191,0.040898232297395,"Hot Spot (95% confidence)","Hot Spot"
369,6,"DKI JAKARTA",3.12368876768,0.05342566794,0,1.08936231017035,0.275994145040838,"Not Significant","Not Significant"
370,6,"DKI JAKARTA",3.12368876768,0.05342566794,9,-1.04280733966054,0.297037531330572,"Not Significant","Not Significant"
371,6,"DKI JAKARTA",3.12368876768,0.05342566794,0,0.233805151815012,0.815136249848458,"Not Significant","Not Significant"
372,6,"DKI JAKARTA",3.12368876768,0.05342566794,0,-0.108417711527123,0.913664352180347,"Not Significant","Not Significant"
373,6,"DKI JAKARTA",3.12368876768,0.05342566794,0,0.576028015157147,0.564596245718124,"Not Significant","Not Significant"
374,6,"DKI JAKARTA",3.12368876768,0.05342566794,4,-0.61795022430271,0.53660815043847,"Not Significant","Not Significant"
375,6,"DKI JAKARTA",3.12368876768,0.05342566794,0,-0.792863438211392,0.427857391056895,"Not Significant","Not Significant"
376,6,"DKI JAKARTA",3.12368876768,0.05342566794,0,-1.47730916489566,0.139592782400791,"Not Significant","Not Significant"
377,6,"DKI JAKARTA",3.12368876768,0.05342566794,0,-1.16548312706921,0.243823486186684,"Not Significant","Not Significant"
392,6,"DKI JAKARTA",3.12368876768,0.05342566794,6,0.459090458795319,0.646169208017839,"Not Significant","Not Significant"
393,6,"DKI JAKARTA",3.12368876768,0.05342566794,1,0.405805613745934,0.684885433579983,"Not Significant","Not Significant"
394,6,"DKI JAKARTA",3.12368876768,0.05342566794,1,0.919071947508212,0.358057941061663,"Not Significant","Not Significant"
395,6,"DKI JAKARTA",3.12368876768,0.05342566794,10,0.0722860121117,0.942374296291825,"Not Significant","Not Significant"
396,6,"DKI JAKARTA",3.12368876768,0.05342566794,5,0.837524402933627,0.402297865945347,"Not Significant","Not Significant"
397,6,"DKI JAKARTA",3.12368876768,0.05342566794,6,0.239558850854228,0.810672268175668,"Not Significant","Not Significant"
398,6,"DKI JAKARTA",3.12368876768,0.05342566794,10,0.7582944407796,0.448274734584501,"Not Significant","Not Significant"
399,6,"DKI JAKARTA",3.12368876768,0.05342566794,10,2.64481761961633,0.008173495785746,"Hot Spot (99% confidence)","Hot Spot"
400,6,"DKI JAKARTA",3.12368876768,0.05342566794,6,1.7801863424699,0.075045469774481,"Hot Spot (90% confidence)","Hot Spot"
401,6,"DKI JAKARTA",3.12368876768,0.05342566794,0,3.99825664857849,6.3810740433e-05,"Hot Spot (99% confidence)","Hot Spot"
402,6,"DKI JAKARTA",3.12368876768,0.05342566794,0,1.60269660518355,0.109001653401455,"Not Significant","Not Significant"
403,6,"DKI JAKARTA",3.12368876768,0.05342566794,0,3.31381092189422,0.000920337196327,"Hot Spot (99% confidence)","Hot Spot"
404,6,"DKI JAKARTA",3.12368876768,0.05342566794,10,-0.099216095055275,0.920966695905424,"Not Significant","Not Significant"
405,6,"DKI JAKARTA",3.12368876768,0.05342566794,6,0.924282180461194,0.355339418003795,"Not Significant","Not Significant"
406,6,"DKI JAKARTA",3.12368876768,0.05342566794,0,-0.27952914319819,0.77983877595326,"Not Significant","Not Significant"
407,6,"DKI JAKARTA",3.12368876768,0.05342566794,0,-0.792863438211392,0.427857391056895,"Not Significant","Not Significant"
408,6,"DKI JAKARTA",3.12368876768,0.05342566794,0,0.062693720143945,0.950010398157085,"Not Significant","Not Significant"
409,6,"DKI JAKARTA",3.12368876768,0.05342566794,0,0.81264787800679,0.416419972790307,"Not Significant","Not Significant"
410,6,"DKI JAKARTA",3.12368876768,0.05342566794,0,2.43994128428624,0.014689649269539,"Hot Spot (95% confidence)","Hot Spot"
411,6,"DKI JAKARTA",3.12368876768,0.05342566794,0,-0.066162048501042,0.947248811449788,"Not Significant","Not Significant"
412,6,"DKI JAKARTA",3.12368876768,0.05342566794,0,0.562436720287006,0.573818506439063,"Not Significant","Not Significant"
413,6,"DKI JAKARTA",3.12368876768,0.05342566794,0,0.490749803229465,0.62360341702487,"Not Significant","Not Significant"
423,6,"DKI JAKARTA",3.12368876768,0.05342566794,0,1.60457350669048,0.108587695722741,"Not Significant","Not Significant"
424,6,"DKI JAKARTA",3.12368876768,0.05342566794,0,1.54384212672305,0.122626583065996,"Not Significant","Not Significant"
425,6,"DKI JAKARTA",3.12368876768,0.05342566794,0,1.43158517351248,0.15226257529977,"Not Significant","Not Significant"
426,6,"DKI JAKARTA",3.12368876768,0.05342566794,1,1.00461633646859,0.315081627816979,"Not Significant","Not Significant"
427,6,"DKI JAKARTA",3.12368876768,0.05342566794,10,1.01554760153006,0.309844867778609,"Not Significant","Not Significant"
428,6,"DKI JAKARTA",3.12368876768,0.05342566794,0,2.54380947937442,0.010965087400395,"Hot Spot (95% confidence)","Hot Spot"
429,6,"DKI JAKARTA",3.12368876768,0.05342566794,0,1.68825232101908,0.091362803474398,"Hot Spot (90% confidence)","Hot Spot"
430,6,"DKI JAKARTA",3.12368876768,0.05342566794,0,2.45825376353889,0.01396144822208,"Hot Spot (95% confidence)","Hot Spot"
431,6,"DKI JAKARTA",3.12368876768,0.05342566794,0,3.65603378523636,0.000256147610925,"Hot Spot (99% confidence)","Hot Spot"
432,6,"DKI JAKARTA",3.12368876768,0.05342566794,12,2.47873117387701,0.013185063848302,"Hot Spot (95% confidence)","Hot Spot"
433,6,"DKI JAKARTA",3.12368876768,0.05342566794,0,4.42603522775616,9.598085638e-06,"Hot Spot (99% confidence)","Hot Spot"
434,6,"DKI JAKARTA",3.12368876768,0.05342566794,27,1.93276827875993,0.053264749693203,"Hot Spot (90% confidence)","Hot Spot"
435,6,"DKI JAKARTA",3.12368876768,0.05342566794,0,5.5382595336181,3.0549233e-08,"Hot Spot (99% confidence)","Hot Spot"
436,6,"DKI JAKARTA",3.12368876768,0.05342566794,10,2.04456024453191,0.040898232297395,"Hot Spot (95% confidence)","Hot Spot"
437,6,"DKI JAKARTA",3.12368876768,0.05342566794,0,1.60269660518355,0.109001653401455,"Not Significant","Not Significant"
438,6,"DKI JAKARTA",3.12368876768,0.05342566794,4,-0.275744379265511,0.782744406802943,"Not Significant","Not Significant"
439,6,"DKI JAKARTA",3.12368876768,0.05342566794,0,0.747139446828214,0.454979391098609,"Not Significant","Not Significant"
440,6,"DKI JAKARTA",3.12368876768,0.05342566794,0,1.77380803685462,0.076094908299885,"Hot Spot (90% confidence)","Hot Spot"
441,6,"DKI JAKARTA",3.12368876768,0.05342566794,18,0.771752603753118,0.440260968230314,"Not Significant","Not Significant"
442,6,"DKI JAKARTA",3.12368876768,0.05342566794,6,3.01273962128639,0.002589009501023,"Hot Spot (99% confidence)","Hot Spot"
443,6,"DKI JAKARTA",3.12368876768,0.05342566794,6,1.36688529366754,0.171661262294352,"Not Significant","Not Significant"
444,6,"DKI JAKARTA",3.12368876768,0.05342566794,0,1.43158517351248,0.15226257529977,"Not Significant","Not Significant"
445,6,"DKI JAKARTA",3.12368876768,0.05342566794,10,-1.16068946348216,0.245768208271337,"Not Significant","Not Significant"
455,6,"DKI JAKARTA",3.12368876768,0.05342566794,0,0.778426701206534,0.436317502735765,"Not Significant","Not Significant"
456,6,"DKI JAKARTA",3.12368876768,0.05342566794,18,-0.870066553583482,0.384264034468281,"Not Significant","Not Significant"
457,6,"DKI JAKARTA",3.12368876768,0.05342566794,7,0.154965486699027,0.876848526191398,"Not Significant","Not Significant"
458,6,"DKI JAKARTA",3.12368876768,0.05342566794,0,0.66158373099268,0.508238036843862,"Not Significant","Not Significant"
459,6,"DKI JAKARTA",3.12368876768,0.05342566794,0,1.43158517351248,0.15226257529977,"Not Significant","Not Significant"
460,6,"DKI JAKARTA",3.12368876768,0.05342566794,12,1.10475993338477,0.269263625985291,"Not Significant","Not Significant"
461,6,"DKI JAKARTA",3.12368876768,0.05342566794,4,0.323115849549587,0.746607507336721,"Not Significant","Not Significant"
462,6,"DKI JAKARTA",3.12368876768,0.05342566794,0,0.66158373099268,0.508238036843862,"Not Significant","Not Significant"
463,6,"DKI JAKARTA",3.12368876768,0.05342566794,16,0.940395852981929,0.347014548602118,"Not Significant","Not Significant"
464,6,"DKI JAKARTA",3.12368876768,0.05342566794,6,2.80727133688035,0.004996313741107,"Hot Spot (99% confidence)","Hot Spot"
465,6,"DKI JAKARTA",3.12368876768,0.05342566794,8,5.29538872566304,1.18763496e-07,"Hot Spot (99% confidence)","Hot Spot"
466,6,"DKI JAKARTA",3.12368876768,0.05342566794,10,4.53134079845305,5.861049786e-06,"Hot Spot (99% confidence)","Hot Spot"
467,6,"DKI JAKARTA",3.12368876768,0.05342566794,21,3.81524643527834,0.00013604709313,"Hot Spot (99% confidence)","Hot Spot"
468,6,"DKI JAKARTA",3.12368876768,0.05342566794,4,1.60638776843908,0.1081887366892,"Not Significant","Not Significant"
469,6,"DKI JAKARTA",3.12368876768,0.05342566794,0,1.34602945767695,0.178293016643168,"Not Significant","Not Significant"
470,6,"DKI JAKARTA",3.12368876768,0.05342566794,2,1.0055062729154,0.314653130452821,"Not Significant","Not Significant"
471,6,"DKI JAKARTA",3.12368876768,0.05342566794,6,1.43782467766642,0.150483805557801,"Not Significant","Not Significant"
472,6,"DKI JAKARTA",3.12368876768,0.05342566794,14,1.10859176377211,0.267606332792247,"Not Significant","Not Significant"
473,6,"DKI JAKARTA",3.12368876768,0.05342566794,0,2.62936519520995,0.008554444031917,"Hot Spot (99% confidence)","Hot Spot"
474,6,"DKI JAKARTA",3.12368876768,0.05342566794,6,3.8343563312908,0.000125893528869,"Hot Spot (99% confidence)","Hot Spot"
475,6,"DKI JAKARTA",3.12368876768,0.05342566794,18,1.63586794971975,0.101867227048544,"Not Significant","Not Significant"
476,6,"DKI JAKARTA",3.12368876768,0.05342566794,0,3.14269949022316,0.001673976015023,"Hot Spot (99% confidence)","Hot Spot"
477,6,"DKI JAKARTA",3.12368876768,0.05342566794,0,0.994416682126061,0.32002004982553,"Not Significant","Not Significant"
486,6,"DKI JAKARTA",3.12368876768,0.05342566794,0,-0.344617974366295,0.730381591093741,"Not Significant","Not Significant"
487,6,"DKI JAKARTA",3.12368876768,0.05342566794,0,0.629849315827726,0.528793176434368,"Not Significant","Not Significant"
488,6,"DKI JAKARTA",3.12368876768,0.05342566794,0,0.747139446828214,0.454979391098609,"Not Significant","Not Significant"
489,6,"DKI JAKARTA",3.12368876768,0.05342566794,0,0.747139446828214,0.454979391098609,"Not Significant","Not Significant"
490,6,"DKI JAKARTA",3.12368876768,0.05342566794,0,-0.193973427362656,0.846196688607109,"Not Significant","Not Significant"
491,6,"DKI JAKARTA",3.12368876768,0.05342566794,7,0.925547290421585,0.354681296660653,"Not Significant","Not Significant"
492,6,"DKI JAKARTA",3.12368876768,0.05342566794,4,1.94859361347628,0.051343975434969,"Hot Spot (90% confidence)","Hot Spot"
493,6,"DKI JAKARTA",3.12368876768,0.05342566794,5,1.2653619462279,0.205741609869354,"Not Significant","Not Significant"
494,6,"DKI JAKARTA",3.12368876768,0.05342566794,0,1.34602945767695,0.178293016643168,"Not Significant","Not Significant"
495,6,"DKI JAKARTA",3.12368876768,0.05342566794,0,1.94491946852568,0.051784671489767,"Hot Spot (90% confidence)","Hot Spot"
496,6,"DKI JAKARTA",3.12368876768,0.05342566794,10,2.1303112981154,0.033145921406234,"Hot Spot (95% confidence)","Hot Spot"
497,6,"DKI JAKARTA",3.12368876768,0.05342566794,4,2.80410822606928,0.005045596543949,"Hot Spot (99% confidence)","Hot Spot"
498,6,"DKI JAKARTA",3.12368876768,0.05342566794,10,3.15932394111725,0.001581356127724,"Hot Spot (99% confidence)","Hot Spot"
499,6,"DKI JAKARTA",3.12368876768,0.05342566794,0,3.31381092189422,0.000920337196327,"Hot Spot (99% confidence)","Hot Spot"
500,6,"DKI JAKARTA",3.12368876768,0.05342566794,0,1.60269660518355,0.109001653401455,"Not Significant","Not Significant"
501,6,"DKI JAKARTA",3.12368876768,0.05342566794,5,-0.189285700972615,0.849868901715409,"Not Significant","Not Significant"
502,6,"DKI JAKARTA",3.12368876768,0.05342566794,8,0.327289521968479,0.743448916693519,"Not Significant","Not Significant"
503,6,"DKI JAKARTA",3.12368876768,0.05342566794,6,1.18105342906381,0.23758149890411,"Not Significant","Not Significant"
504,6,"DKI JAKARTA",3.12368876768,0.05342566794,0,0.832695162663748,0.405016673377021,"Not Significant","Not Significant"
505,6,"DKI JAKARTA",3.12368876768,0.05342566794,0,0.576028015157147,0.564596245718124,"Not Significant","Not Significant"
506,6,"DKI JAKARTA",3.12368876768,0.05342566794,4,1.60638776843908,0.1081887366892,"Not Significant","Not Significant"
507,6,"DKI JAKARTA",3.12368876768,0.05342566794,10,1.4443028694475,0.148653798990391,"Not Significant","Not Significant"
508,6,"DKI JAKARTA",3.12368876768,0.05342566794,4,1.69193922969838,0.090657561151978,"Hot Spot (90% confidence)","Hot Spot"
509,6,"DKI JAKARTA",3.12368876768,0.05342566794,6,-0.621297460444232,0.534403924322094,"Not Significant","Not Significant"
516,6,"DKI JAKARTA",3.12368876768,0.05342566794,0,-0.762301863164175,0.445879862158022,"Not Significant","Not Significant"
517,6,"DKI JAKARTA",3.12368876768,0.05342566794,1,-0.732662386743117,0.463764370225141,"Not Significant","Not Significant"
518,6,"DKI JAKARTA",3.12368876768,0.05342566794,4,-1.28594659425019,0.198461700814081,"Not Significant","Not Significant"
519,6,"DKI JAKARTA",3.12368876768,0.05342566794,0,-1.13508630155353,0.256339160502302,"Not Significant","Not Significant"
520,6,"DKI JAKARTA",3.12368876768,0.05342566794,0,-0.878419154046925,0.379716293579979,"Not Significant","Not Significant"
521,6,"DKI JAKARTA",3.12368876768,0.05342566794,1,-0.706271442739003,0.480019349023047,"Not Significant","Not Significant"
522,6,"DKI JAKARTA",3.12368876768,0.05342566794,0,-0.022861995691589,0.981760355510784,"Not Significant","Not Significant"
523,6,"DKI JAKARTA",3.12368876768,0.05342566794,0,1.08936231017035,0.275994145040838,"Not Significant","Not Significant"
524,6,"DKI JAKARTA",3.12368876768,0.05342566794,12,0.246027908077122,0.805660628828261,"Not Significant","Not Significant"
525,6,"DKI JAKARTA",3.12368876768,0.05342566794,0,0.66158373099268,0.508238036843862,"Not Significant","Not Significant"
526,6,"DKI JAKARTA",3.12368876768,0.05342566794,0,-0.365084859033724,0.715048062757746,"Not Significant","Not Significant"
527,6,"DKI JAKARTA",3.12368876768,0.05342566794,8,-0.614936189077041,0.538596862226902,"Not Significant","Not Significant"
528,6,"DKI JAKARTA",3.12368876768,0.05342566794,0,0.404916583486079,0.685538828080697,"Not Significant","Not Significant"
529,6,"DKI JAKARTA",3.12368876768,0.05342566794,0,1.60269660518355,0.109001653401455,"Not Significant","Not Significant"
530,6,"DKI JAKARTA",3.12368876768,0.05342566794,6,0.667510931858582,0.504445829264268,"Not Significant","Not Significant"
531,6,"DKI JAKARTA",3.12368876768,0.05342566794,5,0.751956894274774,0.452076981738066,"Not Significant","Not Significant"
532,6,"DKI JAKARTA",3.12368876768,0.05342566794,0,-0.193973427362656,0.846196688607109,"Not Significant","Not Significant"
533,6,"DKI JAKARTA",3.12368876768,0.05342566794,1,0.320261224785554,0.748770314496174,"Not Significant","Not Significant"
534,6,"DKI JAKARTA",3.12368876768,0.05342566794,0,1.51714088934802,0.129231116539158,"Not Significant","Not Significant"
535,6,"DKI JAKARTA",3.12368876768,0.05342566794,1,1.60342705919125,0.108840400921919,"Not Significant","Not Significant"
536,6,"DKI JAKARTA",3.12368876768,0.05342566794,0,1.17491802600588,0.240027513103386,"Not Significant","Not Significant"
537,6,"DKI JAKARTA",3.12368876768,0.05342566794,0,0.062693720143945,0.950010398157085,"Not Significant","Not Significant"
538,6,"DKI JAKARTA",3.12368876768,0.05342566794,0,0.404916583486079,0.685538828080697,"Not Significant","Not Significant"
539,6,"DKI JAKARTA",3.12368876768,0.05342566794,2,0.064567311642564,0.948518511910261,"Not Significant","Not Significant"
540,6,"DKI JAKARTA",3.12368876768,0.05342566794,0,0.576028015157147,0.564596245718124,"Not Significant","Not Significant"
541,6,"DKI JAKARTA",3.12368876768,0.05342566794,1,-0.374611913758952,0.707949111341555,"Not Significant","Not Significant"
542,6,"DKI JAKARTA",3.12368876768,0.05342566794,0,-0.949493146149686,0.342369856242425,"Not Significant","Not Significant"
543,6,"DKI JAKARTA",3.12368876768,0.05342566794,0,-0.901529826096802,0.367306682898714,"Not Significant","Not Significant"
548,6,"DKI JAKARTA",3.12368876768,0.05342566794,0,-1.05748813660945,0.290288866081932,"Not Significant","Not Significant"
549,6,"DKI JAKARTA",3.12368876768,0.05342566794,0,-1.04953058571799,0.293933985859834,"Not Significant","Not Significant"
550,6,"DKI JAKARTA",3.12368876768,0.05342566794,0,-1.04953058571799,0.293933985859834,"Not Significant","Not Significant"
551,6,"DKI JAKARTA",3.12368876768,0.05342566794,0,-1.13508630155353,0.256339160502302,"Not Significant","Not Significant"
552,6,"DKI JAKARTA",3.12368876768,0.05342566794,0,-0.878419154046925,0.379716293579979,"Not Significant","Not Significant"
553,6,"DKI JAKARTA",3.12368876768,0.05342566794,6,-1.04429739215883,0.296347819055851,"Not Significant","Not Significant"
554,6,"DKI JAKARTA",3.12368876768,0.05342566794,3,-0.789910919259658,0.429579793983531,"Not Significant","Not Significant"
555,6,"DKI JAKARTA",3.12368876768,0.05342566794,0,0.319360867650546,0.749452881410814,"Not Significant","Not Significant"
556,6,"DKI JAKARTA",3.12368876768,0.05342566794,4,-0.275744379265511,0.782744406802943,"Not Significant","Not Significant"
557,6,"DKI JAKARTA",3.12368876768,0.05342566794,0,0.404916583486079,0.685538828080697,"Not Significant","Not Significant"
558,6,"DKI JAKARTA",3.12368876768,0.05342566794,0,-0.365084859033724,0.715048062757746,"Not Significant","Not Significant"
559,6,"DKI JAKARTA",3.12368876768,0.05342566794,0,-0.450640574869257,0.652248618149103,"Not Significant","Not Significant"
560,6,"DKI JAKARTA",3.12368876768,0.05342566794,0,-0.792863438211392,0.427857391056895,"Not Significant","Not Significant"
561,6,"DKI JAKARTA",3.12368876768,0.05342566794,0,-0.450640574869257,0.652248618149103,"Not Significant","Not Significant"
562,6,"DKI JAKARTA",3.12368876768,0.05342566794,6,1.00987259666206,0.312556333188609,"Not Significant","Not Significant"
563,6,"DKI JAKARTA",3.12368876768,0.05342566794,0,1.85936375269015,0.062975596010336,"Hot Spot (90% confidence)","Hot Spot"
564,6,"DKI JAKARTA",3.12368876768,0.05342566794,4,0.579770233327486,0.562069573548061,"Not Significant","Not Significant"
565,6,"DKI JAKARTA",3.12368876768,0.05342566794,0,-0.707307722375858,0.47937526758539,"Not Significant","Not Significant"
566,6,"DKI JAKARTA",3.12368876768,0.05342566794,4,-0.446847301784111,0.654985315548467,"Not Significant","Not Significant"
567,6,"DKI JAKARTA",3.12368876768,0.05342566794,10,-0.356469255805737,0.721489172224176,"Not Significant","Not Significant"
568,6,"DKI JAKARTA",3.12368876768,0.05342566794,8,-0.015338009320801,0.987762518991837,"Not Significant","Not Significant"
569,6,"DKI JAKARTA",3.12368876768,0.05342566794,6,-0.787526143556221,0.430973930406777,"Not Significant","Not Significant"
570,6,"DKI JAKARTA",3.12368876768,0.05342566794,0,-0.27952914319819,0.77983877595326,"Not Significant","Not Significant"
571,6,"DKI JAKARTA",3.12368876768,0.05342566794,0,-0.27952914319819,0.77983877595326,"Not Significant","Not Significant"
572,6,"DKI JAKARTA",3.12368876768,0.05342566794,0,0.576028015157147,0.564596245718124,"Not Significant","Not Significant"
573,6,"DKI JAKARTA",3.12368876768,0.05342566794,1,0.063628057904415,0.949266390026526,"Not Significant","Not Significant"
574,6,"DKI JAKARTA",3.12368876768,0.05342566794,0,-0.365084859033724,0.715048062757746,"Not Significant","Not Significant"
575,6,"DKI JAKARTA",3.12368876768,0.05342566794,0,-0.841498155689922,0.400068917810153,"Not Significant","Not Significant"
580,6,"DKI JAKARTA",3.12368876768,0.05342566794,0,-0.901529826096802,0.367306682898714,"Not Significant","Not Significant"
581,6,"DKI JAKARTA",3.12368876768,0.05342566794,0,-1.28953558705245,0.197211952666549,"Not Significant","Not Significant"
582,6,"DKI JAKARTA",3.12368876768,0.05342566794,0,-1.04953058571799,0.293933985859834,"Not Significant","Not Significant"
583,6,"DKI JAKARTA",3.12368876768,0.05342566794,0,-0.963974869882459,0.335058525153653,"Not Significant","Not Significant"
584,6,"DKI JAKARTA",3.12368876768,0.05342566794,0,-0.365084859033724,0.715048062757746,"Not Significant","Not Significant"
585,6,"DKI JAKARTA",3.12368876768,0.05342566794,0,-0.193973427362656,0.846196688607109,"Not Significant","Not Significant"
586,6,"DKI JAKARTA",3.12368876768,0.05342566794,1,-0.364093886897484,0.715787901556954,"Not Significant","Not Significant"
587,6,"DKI JAKARTA",3.12368876768,0.05342566794,0,-0.450640574869257,0.652248618149103,"Not Significant","Not Significant"
588,6,"DKI JAKARTA",3.12368876768,0.05342566794,1,0.662438780627073,0.507690056894235,"Not Significant","Not Significant"
589,6,"DKI JAKARTA",3.12368876768,0.05342566794,1,0.919071947508212,0.358057941061663,"Not Significant","Not Significant"
590,6,"DKI JAKARTA",3.12368876768,0.05342566794,4,0.408667310808886,0.682783826302684,"Not Significant","Not Significant"
591,6,"DKI JAKARTA",3.12368876768,0.05342566794,0,-0.450640574869257,0.652248618149103,"Not Significant","Not Significant"
592,6,"DKI JAKARTA",3.12368876768,0.05342566794,0,-0.450640574869257,0.652248618149103,"Not Significant","Not Significant"
593,6,"DKI JAKARTA",3.12368876768,0.05342566794,0,0.233805151815012,0.815136249848458,"Not Significant","Not Significant"
594,6,"DKI JAKARTA",3.12368876768,0.05342566794,0,1.77380803685462,0.076094908299885,"Hot Spot (90% confidence)","Hot Spot"
595,6,"DKI JAKARTA",3.12368876768,0.05342566794,18,0.944575672946445,0.344875551587837,"Not Significant","Not Significant"
596,6,"DKI JAKARTA",3.12368876768,0.05342566794,0,2.62936519520995,0.008554444031917,"Hot Spot (99% confidence)","Hot Spot"
597,6,"DKI JAKARTA",3.12368876768,0.05342566794,0,2.20158661603229,0.027694522194575,"Hot Spot (95% confidence)","Hot Spot"
598,6,"DKI JAKARTA",3.12368876768,0.05342566794,0,2.88603234271655,0.003901320633998,"Hot Spot (99% confidence)","Hot Spot"
599,6,"DKI JAKARTA",3.12368876768,0.05342566794,0,2.62936519520995,0.008554444031917,"Hot Spot (99% confidence)","Hot Spot"
600,6,"DKI JAKARTA",3.12368876768,0.05342566794,0,1.85936375269015,0.062975596010336,"Hot Spot (90% confidence)","Hot Spot"
601,6,"DKI JAKARTA",3.12368876768,0.05342566794,0,0.148249435979478,0.882145918547671,"Not Significant","Not Significant"
602,6,"DKI JAKARTA",3.12368876768,0.05342566794,0,-0.108417711527123,0.913664352180347,"Not Significant","Not Significant"
603,6,"DKI JAKARTA",3.12368876768,0.05342566794,6,-0.958706975957963,0.337706383183413,"Not Significant","Not Significant"
604,6,"DKI JAKARTA",3.12368876768,0.05342566794,6,-0.188393230150126,0.850568406241608,"Not Significant","Not Significant"
605,6,"DKI JAKARTA",3.12368876768,0.05342566794,8,-0.614936189077041,0.538596862226902,"Not Significant","Not Significant"
606,6,"DKI JAKARTA",3.12368876768,0.05342566794,3,-0.704368656821933,0.481203219894951,"Not Significant","Not Significant"
607,6,"DKI JAKARTA",3.12368876768,0.05342566794,0,-1.10673702487338,0.268407642628748,"Not Significant","Not Significant"
608,6,"DKI JAKARTA",3.12368876768,0.05342566794,0,-0.901529826096802,0.367306682898714,"Not Significant","Not Significant"
612,6,"DKI JAKARTA",3.12368876768,0.05342566794,0,0.073065914431585,0.941753665476261,"Not Significant","Not Significant"
613,6,"DKI JAKARTA",3.12368876768,0.05342566794,1,-0.740160636055993,0.459202529607018,"Not Significant","Not Significant"
614,6,"DKI JAKARTA",3.12368876768,0.05342566794,0,-0.536196290704791,0.591822896820681,"Not Significant","Not Significant"
615,6,"DKI JAKARTA",3.12368876768,0.05342566794,4,-1.21681045311781,0.22367634195169,"Not Significant","Not Significant"
616,6,"DKI JAKARTA",3.12368876768,0.05342566794,2,-0.961911555200534,0.336094033619772,"Not Significant","Not Significant"
617,6,"DKI JAKARTA",3.12368876768,0.05342566794,1,-0.278549497937104,0.78059057395031,"Not Significant","Not Significant"
618,6,"DKI JAKARTA",3.12368876768,0.05342566794,2,-0.448672121778985,0.653668198220746,"Not Significant","Not Significant"
619,6,"DKI JAKARTA",3.12368876768,0.05342566794,1,0.063628057904415,0.949266390026526,"Not Significant","Not Significant"
620,6,"DKI JAKARTA",3.12368876768,0.05342566794,0,0.918250878499281,0.358487537566689,"Not Significant","Not Significant"
621,6,"DKI JAKARTA",3.12368876768,0.05342566794,19,-0.437640753610921,0.661646723758905,"Not Significant","Not Significant"
622,6,"DKI JAKARTA",3.12368876768,0.05342566794,0,0.747139446828214,0.454979391098609,"Not Significant","Not Significant"
623,6,"DKI JAKARTA",3.12368876768,0.05342566794,2,-0.619751932919502,0.535421118904518,"Not Significant","Not Significant"
624,6,"DKI JAKARTA",3.12368876768,0.05342566794,6,-0.273983646350997,0.784097189281102,"Not Significant","Not Significant"
625,6,"DKI JAKARTA",3.12368876768,0.05342566794,4,0.921976078364685,0.356541053587229,"Not Significant","Not Significant"
626,6,"DKI JAKARTA",3.12368876768,0.05342566794,4,2.46190238103208,0.013820227652046,"Hot Spot (95% confidence)","Hot Spot"
627,6,"DKI JAKARTA",3.12368876768,0.05342566794,6,1.95136717487164,0.051013383347105,"Hot Spot (90% confidence)","Hot Spot"
628,6,"DKI JAKARTA",3.12368876768,0.05342566794,8,2.1260840612372,0.033496260817658,"Hot Spot (95% confidence)","Hot Spot"
629,6,"DKI JAKARTA",3.12368876768,0.05342566794,12,1.01888673085401,0.308256743892915,"Not Significant","Not Significant"
630,6,"DKI JAKARTA",3.12368876768,0.05342566794,15,0.938429585619407,0.348023687615657,"Not Significant","Not Significant"
631,6,"DKI JAKARTA",3.12368876768,0.05342566794,10,-0.099216095055275,0.920966695905424,"Not Significant","Not Significant"
632,6,"DKI JAKARTA",3.12368876768,0.05342566794,1,-0.278549497937104,0.78059057395031,"Not Significant","Not Significant"
633,6,"DKI JAKARTA",3.12368876768,0.05342566794,4,-1.04570753059921,0.295696084897591,"Not Significant","Not Significant"
634,6,"DKI JAKARTA",3.12368876768,0.05342566794,0,-0.27952914319819,0.77983877595326,"Not Significant","Not Significant"
635,6,"DKI JAKARTA",3.12368876768,0.05342566794,0,0.490472299321613,0.623799726831725,"Not Significant","Not Significant"
636,6,"DKI JAKARTA",3.12368876768,0.05342566794,0,1.00380659433481,0.315471845270779,"Not Significant","Not Significant"
637,6,"DKI JAKARTA",3.12368876768,0.05342566794,0,0.747139446828214,0.454979391098609,"Not Significant","Not Significant"
638,6,"DKI JAKARTA",3.12368876768,0.05342566794,0,-0.365084859033724,0.715048062757746,"Not Significant","Not Significant"
639,6,"DKI JAKARTA",3.12368876768,0.05342566794,0,-1.13508630155353,0.256339160502302,"Not Significant","Not Significant"
640,6,"DKI JAKARTA",3.12368876768,0.05342566794,0,-1.05748813660945,0.290288866081932,"Not Significant","Not Significant"
643,6,"DKI JAKARTA",3.12368876768,0.05342566794,0,-0.762301863164175,0.445879862158022,"Not Significant","Not Significant"
644,6,"DKI JAKARTA",3.12368876768,0.05342566794,1,-0.009063191461911,0.992768718459056,"Not Significant","Not Significant"
645,6,"DKI JAKARTA",3.12368876768,0.05342566794,5,-0.445988226949176,0.655605750178993,"Not Significant","Not Significant"
646,6,"DKI JAKARTA",3.12368876768,0.05342566794,1,0.234716835825174,0.814428519641139,"Not Significant","Not Significant"
647,6,"DKI JAKARTA",3.12368876768,0.05342566794,0,-0.707307722375858,0.47937526758539,"Not Significant","Not Significant"
648,6,"DKI JAKARTA",3.12368876768,0.05342566794,0,0.062693720143945,0.950010398157085,"Not Significant","Not Significant"
649,6,"DKI JAKARTA",3.12368876768,0.05342566794,1,0.405805613745934,0.684885433579983,"Not Significant","Not Significant"
650,6,"DKI JAKARTA",3.12368876768,0.05342566794,8,-0.357965540610081,0.720369101679266,"Not Significant","Not Significant"
651,6,"DKI JAKARTA",3.12368876768,0.05342566794,0,-0.022861995691589,0.981760355510784,"Not Significant","Not Significant"
652,6,"DKI JAKARTA",3.12368876768,0.05342566794,6,0.667510931858582,0.504445829264268,"Not Significant","Not Significant"
653,6,"DKI JAKARTA",3.12368876768,0.05342566794,0,1.08936231017035,0.275994145040838,"Not Significant","Not Significant"
654,6,"DKI JAKARTA",3.12368876768,0.05342566794,0,1.43158517351248,0.15226257529977,"Not Significant","Not Significant"
655,6,"DKI JAKARTA",3.12368876768,0.05342566794,0,-0.108417711527123,0.913664352180347,"Not Significant","Not Significant"
656,6,"DKI JAKARTA",3.12368876768,0.05342566794,0,0.918250878499281,0.358487537566689,"Not Significant","Not Significant"
657,6,"DKI JAKARTA",3.12368876768,0.05342566794,8,1.09820146736936,0.272116525638992,"Not Significant","Not Significant"
658,6,"DKI JAKARTA",3.12368876768,0.05342566794,10,1.78730708378145,0.07388786974102,"Hot Spot (90% confidence)","Hot Spot"
659,6,"DKI JAKARTA",3.12368876768,0.05342566794,0,2.62936519520995,0.008554444031917,"Hot Spot (99% confidence)","Hot Spot"
660,6,"DKI JAKARTA",3.12368876768,0.05342566794,0,2.80047662688102,0.005102720259802,"Hot Spot (99% confidence)","Hot Spot"
661,6,"DKI JAKARTA",3.12368876768,0.05342566794,6,2.20813842347426,0.027234625253048,"Hot Spot (95% confidence)","Hot Spot"
662,6,"DKI JAKARTA",3.12368876768,0.05342566794,0,3.39936663772976,0.000675421095343,"Hot Spot (99% confidence)","Hot Spot"
663,6,"DKI JAKARTA",3.12368876768,0.05342566794,0,1.60269660518355,0.109001653401455,"Not Significant","Not Significant"
664,6,"DKI JAKARTA",3.12368876768,0.05342566794,0,1.17491802600588,0.240027513103386,"Not Significant","Not Significant"
665,6,"DKI JAKARTA",3.12368876768,0.05342566794,0,-0.193973427362656,0.846196688607109,"Not Significant","Not Significant"
666,6,"DKI JAKARTA",3.12368876768,0.05342566794,4,-0.61795022430271,0.53660815043847,"Not Significant","Not Significant"
667,6,"DKI JAKARTA",3.12368876768,0.05342566794,0,-0.536196290704791,0.591822896820681,"Not Significant","Not Significant"
668,6,"DKI JAKARTA",3.12368876768,0.05342566794,7,-1.30057792033247,0.193402968782668,"Not Significant","Not Significant"
669,6,"DKI JAKARTA",3.12368876768,0.05342566794,2,-0.876371649630276,0.380828025352978,"Not Significant","Not Significant"
670,6,"DKI JAKARTA",3.12368876768,0.05342566794,0,-1.30619773322459,0.191485323489477,"Not Significant","Not Significant"
671,6,"DKI JAKARTA",3.12368876768,0.05342566794,0,-1.39175344906013,0.163997070827129,"Not Significant","Not Significant"
672,6,"DKI JAKARTA",3.12368876768,0.05342566794,1,-1.16458515797779,0.244186954466921,"Not Significant","Not Significant"
673,6,"DKI JAKARTA",3.12368876768,0.05342566794,0,-0.901529826096802,0.367306682898714,"Not Significant","Not Significant"
674,6,"DKI JAKARTA",3.12368876768,0.05342566794,0,-1.16548312706921,0.243823486186684,"Not Significant","Not Significant"
675,6,"DKI JAKARTA",3.12368876768,0.05342566794,0,-1.28953558705245,0.197211952666549,"Not Significant","Not Significant"
676,6,"DKI JAKARTA",3.12368876768,0.05342566794,0,-0.022861995691589,0.981760355510784,"Not Significant","Not Significant"
677,6,"DKI JAKARTA",3.12368876768,0.05342566794,9,-0.700005379690625,0.483923944793356,"Not Significant","Not Significant"
678,6,"DKI JAKARTA",3.12368876768,0.05342566794,0,0.062693720143945,0.950010398157085,"Not Significant","Not Significant"
679,6,"DKI JAKARTA",3.12368876768,0.05342566794,1,-1.30508216546166,0.191864870932643,"Not Significant","Not Significant"
680,6,"DKI JAKARTA",3.12368876768,0.05342566794,1,-0.107460720016345,0.91442348571222,"Not Significant","Not Significant"
681,6,"DKI JAKARTA",3.12368876768,0.05342566794,8,0.070318873501519,0.943939860808528,"Not Significant","Not Significant"
682,6,"DKI JAKARTA",3.12368876768,0.05342566794,0,1.34602945767695,0.178293016643168,"Not Significant","Not Significant"
683,6,"DKI JAKARTA",3.12368876768,0.05342566794,0,0.747139446828214,0.454979391098609,"Not Significant","Not Significant"
684,6,"DKI JAKARTA",3.12368876768,0.05342566794,0,0.832695162663748,0.405016673377021,"Not Significant","Not Significant"
685,6,"DKI JAKARTA",3.12368876768,0.05342566794,5,0.923091911592481,0.355959309378047,"Not Significant","Not Significant"
686,6,"DKI JAKARTA",3.12368876768,0.05342566794,0,1.34602945767695,0.178293016643168,"Not Significant","Not Significant"
687,6,"DKI JAKARTA",3.12368876768,0.05342566794,8,-0.272308657787761,0.785384699726325,"Not Significant","Not Significant"
688,6,"DKI JAKARTA",3.12368876768,0.05342566794,0,-0.108417711527123,0.913664352180347,"Not Significant","Not Significant"
689,6,"DKI JAKARTA",3.12368876768,0.05342566794,0,0.66158373099268,0.508238036843862,"Not Significant","Not Significant"
690,6,"DKI JAKARTA",3.12368876768,0.05342566794,6,1.00987259666206,0.312556333188609,"Not Significant","Not Significant"
691,6,"DKI JAKARTA",3.12368876768,0.05342566794,10,1.53005392303099,0.126003382149072,"Not Significant","Not Significant"
692,6,"DKI JAKARTA",3.12368876768,0.05342566794,4,1.43528484592048,0.151205944280761,"Not Significant","Not Significant"
693,6,"DKI JAKARTA",3.12368876768,0.05342566794,4,0.579770233327486,0.562069573548061,"Not Significant","Not Significant"
694,6,"DKI JAKARTA",3.12368876768,0.05342566794,0,0.918250878499281,0.358487537566689,"Not Significant","Not Significant"
695,6,"DKI JAKARTA",3.12368876768,0.05342566794,10,-0.785224523723175,0.432321939328196,"Not Significant","Not Significant"
696,6,"DKI JAKARTA",3.12368876768,0.05342566794,0,0.576028015157147,0.564596245718124,"Not Significant","Not Significant"
697,6,"DKI JAKARTA",3.12368876768,0.05342566794,6,-0.359574062551867,0.719165683034713,"Not Significant","Not Significant"
698,6,"DKI JAKARTA",3.12368876768,0.05342566794,0,0.148249435979478,0.882145918547671,"Not Significant","Not Significant"
699,6,"DKI JAKARTA",3.12368876768,0.05342566794,0,0.233805151815012,0.815136249848458,"Not Significant","Not Significant"
700,6,"DKI JAKARTA",3.12368876768,0.05342566794,0,-0.621752006540324,0.534104948868529,"Not Significant","Not Significant"
701,6,"DKI JAKARTA",3.12368876768,0.05342566794,0,-0.621752006540324,0.534104948868529,"Not Significant","Not Significant"
702,6,"DKI JAKARTA",3.12368876768,0.05342566794,0,-1.22064201738906,0.222221590195614,"Not Significant","Not Significant"
703,6,"DKI JAKARTA",3.12368876768,0.05342566794,0,-1.39175344906013,0.163997070827129,"Not Significant","Not Significant"
704,6,"DKI JAKARTA",3.12368876768,0.05342566794,0,-1.05748813660945,0.290288866081932,"Not Significant","Not Significant"
705,6,"DKI JAKARTA",3.12368876768,0.05342566794,0,-1.05748813660945,0.290288866081932,"Not Significant","Not Significant"
706,6,"DKI JAKARTA",3.12368876768,0.05342566794,0,-1.22064201738906,0.222221590195614,"Not Significant","Not Significant"
707,6,"DKI JAKARTA",3.12368876768,0.05342566794,0,-1.30619773322459,0.191485323489477,"Not Significant","Not Significant"
708,6,"DKI JAKARTA",3.12368876768,0.05342566794,0,0.062693720143945,0.950010398157085,"Not Significant","Not Significant"
709,6,"DKI JAKARTA",3.12368876768,0.05342566794,2,-0.277592310638469,0.781325335470974,"Not Significant","Not Significant"
710,6,"DKI JAKARTA",3.12368876768,0.05342566794,0,0.062693720143945,0.950010398157085,"Not Significant","Not Significant"
711,6,"DKI JAKARTA",3.12368876768,0.05342566794,0,-1.13508630155353,0.256339160502302,"Not Significant","Not Significant"
712,6,"DKI JAKARTA",3.12368876768,0.05342566794,0,0.148249435979478,0.882145918547671,"Not Significant","Not Significant"
713,6,"DKI JAKARTA",3.12368876768,0.05342566794,6,-0.359574062551867,0.719165683034713,"Not Significant","Not Significant"
714,6,"DKI JAKARTA",3.12368876768,0.05342566794,2,0.492266839493855,0.622530719030348,"Not Significant","Not Significant"
715,6,"DKI JAKARTA",3.12368876768,0.05342566794,8,-0.443622423432401,0.657315591017458,"Not Significant","Not Significant"
716,6,"DKI JAKARTA",3.12368876768,0.05342566794,2,0.919966367345146,0.35759033500463,"Not Significant","Not Significant"
717,6,"DKI JAKARTA",3.12368876768,0.05342566794,6,1.18105342906381,0.23758149890411,"Not Significant","Not Significant"
718,6,"DKI JAKARTA",3.12368876768,0.05342566794,14,1.36666282635181,0.171731014788524,"Not Significant","Not Significant"
719,6,"DKI JAKARTA",3.12368876768,0.05342566794,0,1.85936375269015,0.062975596010336,"Hot Spot (90% confidence)","Hot Spot"
720,6,"DKI JAKARTA",3.12368876768,0.05342566794,0,1.77380803685462,0.076094908299885,"Hot Spot (90% confidence)","Hot Spot"
721,6,"DKI JAKARTA",3.12368876768,0.05342566794,0,0.66158373099268,0.508238036843862,"Not Significant","Not Significant"
722,6,"DKI JAKARTA",3.12368876768,0.05342566794,1,1.09016072542897,0.275642350467834,"Not Significant","Not Significant"
723,6,"DKI JAKARTA",3.12368876768,0.05342566794,0,1.51714088934802,0.129231116539158,"Not Significant","Not Significant"
724,6,"DKI JAKARTA",3.12368876768,0.05342566794,14,0.420402263559582,0.674191614801523,"Not Significant","Not Significant"
725,6,"DKI JAKARTA",3.12368876768,0.05342566794,0,0.747139446828214,0.454979391098609,"Not Significant","Not Significant"
726,6,"DKI JAKARTA",3.12368876768,0.05342566794,0,1.77380803685462,0.076094908299885,"Hot Spot (90% confidence)","Hot Spot"
727,6,"DKI JAKARTA",3.12368876768,0.05342566794,8,1.52648588148096,0.126888903924104,"Not Significant","Not Significant"
728,6,"DKI JAKARTA",3.12368876768,0.05342566794,0,2.71492091104549,0.006629159974692,"Hot Spot (99% confidence)","Hot Spot"
729,6,"DKI JAKARTA",3.12368876768,0.05342566794,0,0.918250878499281,0.358487537566689,"Not Significant","Not Significant"
730,6,"DKI JAKARTA",3.12368876768,0.05342566794,9,-0.957106849668058,0.338513326679081,"Not Significant","Not Significant"
731,6,"DKI JAKARTA",3.12368876768,0.05342566794,0,-0.707307722375858,0.47937526758539,"Not Significant","Not Significant"
732,6,"DKI JAKARTA",3.12368876768,0.05342566794,0,-1.39175344906013,0.163997070827129,"Not Significant","Not Significant"
733,6,"DKI JAKARTA",3.12368876768,0.05342566794,1,-1.47617094338242,0.139898007753292,"Not Significant","Not Significant"
734,6,"DKI JAKARTA",3.12368876768,0.05342566794,0,-1.39175344906013,0.163997070827129,"Not Significant","Not Significant"
735,6,"DKI JAKARTA",3.12368876768,0.05342566794,0,-1.47730916489566,0.139592782400791,"Not Significant","Not Significant"
736,6,"DKI JAKARTA",3.12368876768,0.05342566794,0,-1.16548312706921,0.243823486186684,"Not Significant","Not Significant"
737,6,"DKI JAKARTA",3.12368876768,0.05342566794,1,-1.16458515797779,0.244186954466921,"Not Significant","Not Significant"
738,6,"DKI JAKARTA",3.12368876768,0.05342566794,0,-1.22064201738906,0.222221590195614,"Not Significant","Not Significant"
739,6,"DKI JAKARTA",3.12368876768,0.05342566794,2,-0.70529183848976,0.480628638464409,"Not Significant","Not Significant"
740,6,"DKI JAKARTA",3.12368876768,0.05342566794,0,0.404916583486079,0.685538828080697,"Not Significant","Not Significant"
741,6,"DKI JAKARTA",3.12368876768,0.05342566794,5,-0.189285700972615,0.849868901715409,"Not Significant","Not Significant"
742,6,"DKI JAKARTA",3.12368876768,0.05342566794,0,-0.450640574869257,0.652248618149103,"Not Significant","Not Significant"
743,6,"DKI JAKARTA",3.12368876768,0.05342566794,1,-1.39062655442204,0.164338699674862,"Not Significant","Not Significant"
744,6,"DKI JAKARTA",3.12368876768,0.05342566794,1,-0.791815831699383,0.428468069725688,"Not Significant","Not Significant"
745,6,"DKI JAKARTA",3.12368876768,0.05342566794,1,-0.620727053778624,0.53477922596442,"Not Significant","Not Significant"
746,6,"DKI JAKARTA",3.12368876768,0.05342566794,0,0.062693720143945,0.950010398157085,"Not Significant","Not Significant"
747,6,"DKI JAKARTA",3.12368876768,0.05342566794,0,0.490472299321613,0.623799726831725,"Not Significant","Not Significant"
748,6,"DKI JAKARTA",3.12368876768,0.05342566794,8,0.327289521968479,0.743448916693519,"Not Significant","Not Significant"
749,6,"DKI JAKARTA",3.12368876768,0.05342566794,1,1.51788267023087,0.129043979426724,"Not Significant","Not Significant"
750,6,"DKI JAKARTA",3.12368876768,0.05342566794,1,1.51788267023087,0.129043979426724,"Not Significant","Not Significant"
751,6,"DKI JAKARTA",3.12368876768,0.05342566794,12,0.160154705546357,0.872759208485752,"Not Significant","Not Significant"
752,6,"DKI JAKARTA",3.12368876768,0.05342566794,4,2.46190238103208,0.013820227652046,"Hot Spot (95% confidence)","Hot Spot"
753,6,"DKI JAKARTA",3.12368876768,0.05342566794,14,0.67847332613928,0.497471630706026,"Not Significant","Not Significant"
754,6,"DKI JAKARTA",3.12368876768,0.05342566794,0,1.51714088934802,0.129231116539158,"Not Significant","Not Significant"
755,6,"DKI JAKARTA",3.12368876768,0.05342566794,0,-0.022861995691589,0.981760355510784,"Not Significant","Not Significant"
756,6,"DKI JAKARTA",3.12368876768,0.05342566794,0,0.747139446828214,0.454979391098609,"Not Significant","Not Significant"
757,6,"DKI JAKARTA",3.12368876768,0.05342566794,4,0.408667310808886,0.682783826302684,"Not Significant","Not Significant"
758,6,"DKI JAKARTA",3.12368876768,0.05342566794,0,2.54380947937442,0.010965087400395,"Hot Spot (95% confidence)","Hot Spot"
759,6,"DKI JAKARTA",3.12368876768,0.05342566794,12,2.65047757893854,0.008037806209552,"Hot Spot (99% confidence)","Hot Spot"
760,6,"DKI JAKARTA",3.12368876768,0.05342566794,13,2.56769199557036,0.010237807709996,"Hot Spot (95% confidence)","Hot Spot"
761,6,"DKI JAKARTA",3.12368876768,0.05342566794,0,2.45825376353889,0.01396144822208,"Hot Spot (95% confidence)","Hot Spot"
762,6,"DKI JAKARTA",3.12368876768,0.05342566794,0,0.490472299321613,0.623799726831725,"Not Significant","Not Significant"
763,6,"DKI JAKARTA",3.12368876768,0.05342566794,0,0.490472299321613,0.623799726831725,"Not Significant","Not Significant"
764,6,"DKI JAKARTA",3.12368876768,0.05342566794,0,-1.39175344906013,0.163997070827129,"Not Significant","Not Significant"
765,6,"DKI JAKARTA",3.12368876768,0.05342566794,0,-1.39175344906013,0.163997070827129,"Not Significant","Not Significant"
766,6,"DKI JAKARTA",3.12368876768,0.05342566794,0,-1.39175344906013,0.163997070827129,"Not Significant","Not Significant"
767,6,"DKI JAKARTA",3.12368876768,0.05342566794,0,-1.47730916489566,0.139592782400791,"Not Significant","Not Significant"
768,6,"DKI JAKARTA",3.12368876768,0.05342566794,0,-1.16548312706921,0.243823486186684,"Not Significant","Not Significant"
769,6,"DKI JAKARTA",3.12368876768,0.05342566794,0,-0.949493146149686,0.342369856242425,"Not Significant","Not Significant"
770,6,"DKI JAKARTA",3.12368876768,0.05342566794,0,-1.13508630155353,0.256339160502302,"Not Significant","Not Significant"
771,6,"DKI JAKARTA",3.12368876768,0.05342566794,0,-0.365084859033724,0.715048062757746,"Not Significant","Not Significant"
772,6,"DKI JAKARTA",3.12368876768,0.05342566794,9,-0.271502929728236,0.786004246705623,"Not Significant","Not Significant"
773,6,"DKI JAKARTA",3.12368876768,0.05342566794,4,-0.019089995487612,0.984769312421575,"Not Significant","Not Significant"
774,6,"DKI JAKARTA",3.12368876768,0.05342566794,0,-0.450640574869257,0.652248618149103,"Not Significant","Not Significant"
775,6,"DKI JAKARTA",3.12368876768,0.05342566794,0,-1.30619773322459,0.191485323489477,"Not Significant","Not Significant"
776,6,"DKI JAKARTA",3.12368876768,0.05342566794,0,-1.04953058571799,0.293933985859834,"Not Significant","Not Significant"
777,6,"DKI JAKARTA",3.12368876768,0.05342566794,0,-1.04953058571799,0.293933985859834,"Not Significant","Not Significant"
778,6,"DKI JAKARTA",3.12368876768,0.05342566794,1,-1.21953777650128,0.22264014690722,"Not Significant","Not Significant"
779,6,"DKI JAKARTA",3.12368876768,0.05342566794,0,-0.536196290704791,0.591822896820681,"Not Significant","Not Significant"
780,6,"DKI JAKARTA",3.12368876768,0.05342566794,2,-0.534212027349243,0.593194848794407,"Not Significant","Not Significant"
781,6,"DKI JAKARTA",3.12368876768,0.05342566794,2,-0.448672121778985,0.653668198220746,"Not Significant","Not Significant"
782,6,"DKI JAKARTA",3.12368876768,0.05342566794,0,-0.108417711527123,0.913664352180347,"Not Significant","Not Significant"
783,6,"DKI JAKARTA",3.12368876768,0.05342566794,0,0.319360867650546,0.749452881410814,"Not Significant","Not Significant"
784,6,"DKI JAKARTA",3.12368876768,0.05342566794,0,3.14269949022316,0.001673976015023,"Hot Spot (99% confidence)","Hot Spot"
785,6,"DKI JAKARTA",3.12368876768,0.05342566794,20,0.94909268790907,0.342573473006278,"Not Significant","Not Significant"
786,6,"DKI JAKARTA",3.12368876768,0.05342566794,0,1.94491946852568,0.051784671489767,"Hot Spot (90% confidence)","Hot Spot"
787,6,"DKI JAKARTA",3.12368876768,0.05342566794,0,-0.792863438211392,0.427857391056895,"Not Significant","Not Significant"
788,6,"DKI JAKARTA",3.12368876768,0.05342566794,2,0.064567311642564,0.948518511910261,"Not Significant","Not Significant"
789,6,"DKI JAKARTA",3.12368876768,0.05342566794,6,0.068378018452486,0.945484719602328,"Not Significant","Not Significant"
790,6,"DKI JAKARTA",3.12368876768,0.05342566794,0,3.22825520605869,0.001245478057221,"Hot Spot (99% confidence)","Hot Spot"
791,6,"DKI JAKARTA",3.12368876768,0.05342566794,17,2.23699732727983,0.025286514723505,"Hot Spot (95% confidence)","Hot Spot"
792,6,"DKI JAKARTA",3.12368876768,0.05342566794,10,2.47331551244935,0.01338659005252,"Hot Spot (95% confidence)","Hot Spot"
793,6,"DKI JAKARTA",3.12368876768,0.05342566794,0,1.68825232101908,0.091362803474398,"Hot Spot (90% confidence)","Hot Spot"
794,6,"DKI JAKARTA",3.12368876768,0.05342566794,14,-0.955976736865475,0.339083987642352,"Not Significant","Not Significant"
795,6,"DKI JAKARTA",3.12368876768,0.05342566794,0,0.319360867650546,0.749452881410814,"Not Significant","Not Significant"
796,6,"DKI JAKARTA",3.12368876768,0.05342566794,0,-0.878419154046925,0.379716293579979,"Not Significant","Not Significant"
797,6,"DKI JAKARTA",3.12368876768,0.05342566794,0,-1.39175344906013,0.163997070827129,"Not Significant","Not Significant"
798,6,"DKI JAKARTA",3.12368876768,0.05342566794,0,-1.47730916489566,0.139592782400791,"Not Significant","Not Significant"
799,6,"DKI JAKARTA",3.12368876768,0.05342566794,0,-1.47730916489566,0.139592782400791,"Not Significant","Not Significant"
800,6,"DKI JAKARTA",3.12368876768,0.05342566794,0,-1.16548312706921,0.243823486186684,"Not Significant","Not Significant"
801,6,"DKI JAKARTA",3.12368876768,0.05342566794,0,-0.949493146149686,0.342369856242425,"Not Significant","Not Significant"
802,6,"DKI JAKARTA",3.12368876768,0.05342566794,1,-1.39062655442204,0.164338699674862,"Not Significant","Not Significant"
803,6,"DKI JAKARTA",3.12368876768,0.05342566794,0,-0.450640574869257,0.652248618149103,"Not Significant","Not Significant"
804,6,"DKI JAKARTA",3.12368876768,0.05342566794,1,-0.021916331055965,0.98251469760517,"Not Significant","Not Significant"
805,6,"DKI JAKARTA",3.12368876768,0.05342566794,2,-0.106512499497952,0.915175738658803,"Not Significant","Not Significant"
806,6,"DKI JAKARTA",3.12368876768,0.05342566794,0,-0.792863438211392,0.427857391056895,"Not Significant","Not Significant"
807,6,"DKI JAKARTA",3.12368876768,0.05342566794,0,-1.39175344906013,0.163997070827129,"Not Significant","Not Significant"
808,6,"DKI JAKARTA",3.12368876768,0.05342566794,0,-1.22064201738906,0.222221590195614,"Not Significant","Not Significant"
809,6,"DKI JAKARTA",3.12368876768,0.05342566794,2,-1.30407117748157,0.192209315049198,"Not Significant","Not Significant"
810,6,"DKI JAKARTA",3.12368876768,0.05342566794,0,-1.22064201738906,0.222221590195614,"Not Significant","Not Significant"
811,6,"DKI JAKARTA",3.12368876768,0.05342566794,0,-0.193973427362656,0.846196688607109,"Not Significant","Not Significant"
812,6,"DKI JAKARTA",3.12368876768,0.05342566794,0,-0.108417711527123,0.913664352180347,"Not Significant","Not Significant"
813,6,"DKI JAKARTA",3.12368876768,0.05342566794,0,0.233805151815012,0.815136249848458,"Not Significant","Not Significant"
814,6,"DKI JAKARTA",3.12368876768,0.05342566794,0,-0.878419154046925,0.379716293579979,"Not Significant","Not Significant"
815,6,"DKI JAKARTA",3.12368876768,0.05342566794,0,-0.536196290704791,0.591822896820681,"Not Significant","Not Significant"
816,6,"DKI JAKARTA",3.12368876768,0.05342566794,4,0.836424617105385,0.402916068526699,"Not Significant","Not Significant"
817,6,"DKI JAKARTA",3.12368876768,0.05342566794,0,1.60269660518355,0.109001653401455,"Not Significant","Not Significant"
818,6,"DKI JAKARTA",3.12368876768,0.05342566794,6,0.581920515657711,0.560620220917486,"Not Significant","Not Significant"
819,6,"DKI JAKARTA",3.12368876768,0.05342566794,0,-0.792863438211392,0.427857391056895,"Not Significant","Not Significant"
820,6,"DKI JAKARTA",3.12368876768,0.05342566794,0,-0.108417711527123,0.913664352180347,"Not Significant","Not Significant"
821,6,"DKI JAKARTA",3.12368876768,0.05342566794,8,-0.443622423432401,0.657315591017458,"Not Significant","Not Significant"
822,6,"DKI JAKARTA",3.12368876768,0.05342566794,4,1.52083630717978,0.128300920724197,"Not Significant","Not Significant"
823,6,"DKI JAKARTA",3.12368876768,0.05342566794,4,1.17863046214258,0.238545356251408,"Not Significant","Not Significant"
824,6,"DKI JAKARTA",3.12368876768,0.05342566794,0,1.60269660518355,0.109001653401455,"Not Significant","Not Significant"
825,6,"DKI JAKARTA",3.12368876768,0.05342566794,0,2.54380947937442,0.010965087400395,"Hot Spot (95% confidence)","Hot Spot"
826,6,"DKI JAKARTA",3.12368876768,0.05342566794,0,2.20158661603229,0.027694522194575,"Hot Spot (95% confidence)","Hot Spot"
827,6,"DKI JAKARTA",3.12368876768,0.05342566794,6,1.52341509386729,0.127654888116197,"Not Significant","Not Significant"
828,6,"DKI JAKARTA",3.12368876768,0.05342566794,1,-0.791815831699383,0.428468069725688,"Not Significant","Not Significant"
829,6,"DKI JAKARTA",3.12368876768,0.05342566794,0,-1.22064201738906,0.222221590195614,"Not Significant","Not Significant"
830,6,"DKI JAKARTA",3.12368876768,0.05342566794,0,-1.47730916489566,0.139592782400791,"Not Significant","Not Significant"
831,6,"DKI JAKARTA",3.12368876768,0.05342566794,0,-1.47730916489566,0.139592782400791,"Not Significant","Not Significant"
832,6,"DKI JAKARTA",3.12368876768,0.05342566794,0,-1.16548312706921,0.243823486186684,"Not Significant","Not Significant"
833,6,"DKI JAKARTA",3.12368876768,0.05342566794,0,-0.949493146149686,0.342369856242425,"Not Significant","Not Significant"
834,6,"DKI JAKARTA",3.12368876768,0.05342566794,1,-1.39062655442204,0.164338699674862,"Not Significant","Not Significant"
835,6,"DKI JAKARTA",3.12368876768,0.05342566794,0,-1.22064201738906,0.222221590195614,"Not Significant","Not Significant"
836,6,"DKI JAKARTA",3.12368876768,0.05342566794,0,-1.04953058571799,0.293933985859834,"Not Significant","Not Significant"
837,6,"DKI JAKARTA",3.12368876768,0.05342566794,2,-1.13299136634105,0.257217878977828,"Not Significant","Not Significant"
838,6,"DKI JAKARTA",3.12368876768,0.05342566794,0,-1.04953058571799,0.293933985859834,"Not Significant","Not Significant"
839,6,"DKI JAKARTA",3.12368876768,0.05342566794,0,-1.30619773322459,0.191485323489477,"Not Significant","Not Significant"
840,6,"DKI JAKARTA",3.12368876768,0.05342566794,1,-1.30508216546166,0.191864870932643,"Not Significant","Not Significant"
841,6,"DKI JAKARTA",3.12368876768,0.05342566794,0,-1.22064201738906,0.222221590195614,"Not Significant","Not Significant"
842,6,"DKI JAKARTA",3.12368876768,0.05342566794,0,-1.30619773322459,0.191485323489477,"Not Significant","Not Significant"
843,6,"DKI JAKARTA",3.12368876768,0.05342566794,0,-0.365084859033724,0.715048062757746,"Not Significant","Not Significant"
844,6,"DKI JAKARTA",3.12368876768,0.05342566794,12,0.675393920730947,0.499425526841016,"Not Significant","Not Significant"
845,6,"DKI JAKARTA",3.12368876768,0.05342566794,0,2.71492091104549,0.006629159974692,"Hot Spot (99% confidence)","Hot Spot"
846,6,"DKI JAKARTA",3.12368876768,0.05342566794,4,1.34973338466118,0.17710151957683,"Not Significant","Not Significant"
847,6,"DKI JAKARTA",3.12368876768,0.05342566794,1,0.149172446864794,0.881417560924327,"Not Significant","Not Significant"
848,6,"DKI JAKARTA",3.12368876768,0.05342566794,2,-0.619751932919502,0.535421118904518,"Not Significant","Not Significant"
849,6,"DKI JAKARTA",3.12368876768,0.05342566794,4,-0.361295840524811,0.717878302803594,"Not Significant","Not Significant"
850,6,"DKI JAKARTA",3.12368876768,0.05342566794,0,-0.621752006540324,0.534104948868529,"Not Significant","Not Significant"
851,6,"DKI JAKARTA",3.12368876768,0.05342566794,0,-0.963974869882459,0.335058525153653,"Not Significant","Not Significant"
852,6,"DKI JAKARTA",3.12368876768,0.05342566794,0,-0.792863438211392,0.427857391056895,"Not Significant","Not Significant"
853,6,"DKI JAKARTA",3.12368876768,0.05342566794,0,-0.450640574869257,0.652248618149103,"Not Significant","Not Significant"
854,6,"DKI JAKARTA",3.12368876768,0.05342566794,0,-0.108417711527123,0.913664352180347,"Not Significant","Not Significant"
855,6,"DKI JAKARTA",3.12368876768,0.05342566794,0,-0.792863438211392,0.427857391056895,"Not Significant","Not Significant"
856,6,"DKI JAKARTA",3.12368876768,0.05342566794,0,-0.707307722375858,0.47937526758539,"Not Significant","Not Significant"
857,6,"DKI JAKARTA",3.12368876768,0.05342566794,5,0.067416825003945,0.946249875244553,"Not Significant","Not Significant"
858,6,"DKI JAKARTA",3.12368876768,0.05342566794,18,-0.178774276810176,0.858114944001093,"Not Significant","Not Significant"
859,6,"DKI JAKARTA",3.12368876768,0.05342566794,0,1.17491802600588,0.240027513103386,"Not Significant","Not Significant"
860,6,"DKI JAKARTA",3.12368876768,0.05342566794,2,-0.534212027349243,0.593194848794407,"Not Significant","Not Significant"
861,6,"DKI JAKARTA",3.12368876768,0.05342566794,0,-1.22064201738906,0.222221590195614,"Not Significant","Not Significant"
862,6,"DKI JAKARTA",3.12368876768,0.05342566794,0,-1.47730916489566,0.139592782400791,"Not Significant","Not Significant"
863,6,"DKI JAKARTA",3.12368876768,0.05342566794,0,-1.47730916489566,0.139592782400791,"Not Significant","Not Significant"
864,6,"DKI JAKARTA",3.12368876768,0.05342566794,0,-1.16548312706921,0.243823486186684,"Not Significant","Not Significant"
865,6,"DKI JAKARTA",3.12368876768,0.05342566794,0,-1.05748813660945,0.290288866081932,"Not Significant","Not Significant"
866,6,"DKI JAKARTA",3.12368876768,0.05342566794,0,-1.39175344906013,0.163997070827129,"Not Significant","Not Significant"
867,6,"DKI JAKARTA",3.12368876768,0.05342566794,0,-1.39175344906013,0.163997070827129,"Not Significant","Not Significant"
868,6,"DKI JAKARTA",3.12368876768,0.05342566794,0,-1.30619773322459,0.191485323489477,"Not Significant","Not Significant"
869,6,"DKI JAKARTA",3.12368876768,0.05342566794,0,-1.22064201738906,0.222221590195614,"Not Significant","Not Significant"
870,6,"DKI JAKARTA",3.12368876768,0.05342566794,1,-1.30508216546166,0.191864870932643,"Not Significant","Not Significant"
871,6,"DKI JAKARTA",3.12368876768,0.05342566794,0,-0.792863438211392,0.427857391056895,"Not Significant","Not Significant"
872,6,"DKI JAKARTA",3.12368876768,0.05342566794,0,-0.878419154046925,0.379716293579979,"Not Significant","Not Significant"
873,6,"DKI JAKARTA",3.12368876768,0.05342566794,0,-0.878419154046925,0.379716293579979,"Not Significant","Not Significant"
874,6,"DKI JAKARTA",3.12368876768,0.05342566794,0,-1.39175344906013,0.163997070827129,"Not Significant","Not Significant"
875,6,"DKI JAKARTA",3.12368876768,0.05342566794,0,-0.27952914319819,0.77983877595326,"Not Significant","Not Significant"
876,6,"DKI JAKARTA",3.12368876768,0.05342566794,1,2.03114900399315,0.042239881683042,"Hot Spot (95% confidence)","Hot Spot"
877,6,"DKI JAKARTA",3.12368876768,0.05342566794,24,1.04639951057432,0.295376618632152,"Not Significant","Not Significant"
878,6,"DKI JAKARTA",3.12368876768,0.05342566794,8,1.64423344897319,0.100127990168085,"Not Significant","Not Significant"
879,6,"DKI JAKARTA",3.12368876768,0.05342566794,0,0.081453629290533,0.935081200750239,"Not Significant","Not Significant"
880,6,"DKI JAKARTA",3.12368876768,0.05342566794,1,-0.740160636055993,0.459202529607018,"Not Significant","Not Significant"
881,6,"DKI JAKARTA",3.12368876768,0.05342566794,0,-0.409518193850867,0.682159417762869,"Not Significant","Not Significant"
882,6,"DKI JAKARTA",3.12368876768,0.05342566794,0,-0.733503165230158,0.463251598026949,"Not Significant","Not Significant"
883,6,"DKI JAKARTA",3.12368876768,0.05342566794,0,-1.38093486814198,0.167298987770008,"Not Significant","Not Significant"
884,6,"DKI JAKARTA",3.12368876768,0.05342566794,0,-1.47730916489566,0.139592782400791,"Not Significant","Not Significant"
885,6,"DKI JAKARTA",3.12368876768,0.05342566794,0,-1.39175344906013,0.163997070827129,"Not Significant","Not Significant"
886,6,"DKI JAKARTA",3.12368876768,0.05342566794,0,-1.30619773322459,0.191485323489477,"Not Significant","Not Significant"
887,6,"DKI JAKARTA",3.12368876768,0.05342566794,0,-1.13508630155353,0.256339160502302,"Not Significant","Not Significant"
888,6,"DKI JAKARTA",3.12368876768,0.05342566794,0,-0.792863438211392,0.427857391056895,"Not Significant","Not Significant"
889,6,"DKI JAKARTA",3.12368876768,0.05342566794,0,0.66158373099268,0.508238036843862,"Not Significant","Not Significant"
890,6,"DKI JAKARTA",3.12368876768,0.05342566794,0,0.832695162663748,0.405016673377021,"Not Significant","Not Significant"
891,6,"DKI JAKARTA",3.12368876768,0.05342566794,4,0.237564388290287,0.812218973838698,"Not Significant","Not Significant"
892,6,"DKI JAKARTA",3.12368876768,0.05342566794,0,-0.963974869882459,0.335058525153653,"Not Significant","Not Significant"
893,6,"DKI JAKARTA",3.12368876768,0.05342566794,0,-1.22064201738906,0.222221590195614,"Not Significant","Not Significant"
894,6,"DKI JAKARTA",3.12368876768,0.05342566794,0,-1.39175344906013,0.163997070827129,"Not Significant","Not Significant"
895,6,"DKI JAKARTA",3.12368876768,0.05342566794,0,-1.39175344906013,0.163997070827129,"Not Significant","Not Significant"
896,6,"DKI JAKARTA",3.12368876768,0.05342566794,0,-1.16548312706921,0.243823486186684,"Not Significant","Not Significant"
897,6,"DKI JAKARTA",3.12368876768,0.05342566794,0,-0.901529826096802,0.367306682898714,"Not Significant","Not Significant"
898,6,"DKI JAKARTA",3.12368876768,0.05342566794,0,-1.28953558705245,0.197211952666549,"Not Significant","Not Significant"
899,6,"DKI JAKARTA",3.12368876768,0.05342566794,0,-1.30619773322459,0.191485323489477,"Not Significant","Not Significant"
900,6,"DKI JAKARTA",3.12368876768,0.05342566794,0,-1.30619773322459,0.191485323489477,"Not Significant","Not Significant"
901,6,"DKI JAKARTA",3.12368876768,0.05342566794,0,-1.30619773322459,0.191485323489477,"Not Significant","Not Significant"
902,6,"DKI JAKARTA",3.12368876768,0.05342566794,0,-1.04953058571799,0.293933985859834,"Not Significant","Not Significant"
903,6,"DKI JAKARTA",3.12368876768,0.05342566794,0,-0.536196290704791,0.591822896820681,"Not Significant","Not Significant"
904,6,"DKI JAKARTA",3.12368876768,0.05342566794,6,-1.1298878083597,0.258523501791972,"Not Significant","Not Significant"
905,6,"DKI JAKARTA",3.12368876768,0.05342566794,0,-0.792863438211392,0.427857391056895,"Not Significant","Not Significant"
906,6,"DKI JAKARTA",3.12368876768,0.05342566794,0,-1.22064201738906,0.222221590195614,"Not Significant","Not Significant"
907,6,"DKI JAKARTA",3.12368876768,0.05342566794,1,-1.10570935835303,0.26885233812916,"Not Significant","Not Significant"
908,6,"DKI JAKARTA",3.12368876768,0.05342566794,0,1.45244284563352,0.146378510245159,"Not Significant","Not Significant"
909,6,"DKI JAKARTA",3.12368876768,0.05342566794,4,1.43528484592048,0.151205944280761,"Not Significant","Not Significant"
910,6,"DKI JAKARTA",3.12368876768,0.05342566794,0,2.83033151994205,0.004649979432003,"Hot Spot (99% confidence)","Hot Spot"
911,6,"DKI JAKARTA",3.12368876768,0.05342566794,0,-0.762301863164175,0.445879862158022,"Not Significant","Not Significant"
912,6,"DKI JAKARTA",3.12368876768,0.05342566794,0,-0.762301863164175,0.445879862158022,"Not Significant","Not Significant"
915,6,"DKI JAKARTA",3.12368876768,0.05342566794,0,-0.901529826096802,0.367306682898714,"Not Significant","Not Significant"
916,6,"DKI JAKARTA",3.12368876768,0.05342566794,0,-1.16548312706921,0.243823486186684,"Not Significant","Not Significant"
917,6,"DKI JAKARTA",3.12368876768,0.05342566794,0,-1.28953558705245,0.197211952666549,"Not Significant","Not Significant"
918,6,"DKI JAKARTA",3.12368876768,0.05342566794,1,-1.39062655442204,0.164338699674862,"Not Significant","Not Significant"
919,6,"DKI JAKARTA",3.12368876768,0.05342566794,1,-1.21953777650128,0.22264014690722,"Not Significant","Not Significant"
920,6,"DKI JAKARTA",3.12368876768,0.05342566794,2,-1.38961108305182,0.164647008423076,"Not Significant","Not Significant"
921,6,"DKI JAKARTA",3.12368876768,0.05342566794,0,-1.30619773322459,0.191485323489477,"Not Significant","Not Significant"
922,6,"DKI JAKARTA",3.12368876768,0.05342566794,0,-1.13508630155353,0.256339160502302,"Not Significant","Not Significant"
923,6,"DKI JAKARTA",3.12368876768,0.05342566794,0,-1.04953058571799,0.293933985859834,"Not Significant","Not Significant"
924,6,"DKI JAKARTA",3.12368876768,0.05342566794,0,-1.04953058571799,0.293933985859834,"Not Significant","Not Significant"
925,6,"DKI JAKARTA",3.12368876768,0.05342566794,0,-1.30619773322459,0.191485323489477,"Not Significant","Not Significant"
926,6,"DKI JAKARTA",3.12368876768,0.05342566794,1,-1.39062655442204,0.164338699674862,"Not Significant","Not Significant"
927,6,"DKI JAKARTA",3.12368876768,0.05342566794,0,-1.30619773322459,0.191485323489477,"Not Significant","Not Significant"
928,6,"DKI JAKARTA",3.12368876768,0.05342566794,0,-1.05748813660945,0.290288866081932,"Not Significant","Not Significant"
929,6,"DKI JAKARTA",3.12368876768,0.05342566794,0,-0.901529826096802,0.367306682898714,"Not Significant","Not Significant"
930,6,"DKI JAKARTA",3.12368876768,0.05342566794,0,-1.28953558705245,0.197211952666549,"Not Significant","Not Significant"
931,6,"DKI JAKARTA",3.12368876768,0.05342566794,1,-1.39062655442204,0.164338699674862,"Not Significant","Not Significant"
932,6,"DKI JAKARTA",3.12368876768,0.05342566794,1,-1.39062655442204,0.164338699674862,"Not Significant","Not Significant"
933,6,"DKI JAKARTA",3.12368876768,0.05342566794,0,-1.39175344906013,0.163997070827129,"Not Significant","Not Significant"
934,6,"DKI JAKARTA",3.12368876768,0.05342566794,0,-1.01533774378385,0.309944858424334,"Not Significant","Not Significant"
935,6,"DKI JAKARTA",3.12368876768,0.05342566794,4,-0.682390326649931,0.494992170806732,"Not Significant","Not Significant"
936,6,"DKI JAKARTA",3.12368876768,0.05342566794,0,-0.291069846829618,0.77099790071031,"Not Significant","Not Significant"
937,6,"DKI JAKARTA",3.12368876768,0.05342566794,0,-0.488377698181909,0.625282335636717,"Not Significant","Not Significant"
938,6,"DKI JAKARTA",3.12368876768,0.05342566794,2,-1.05580545871419,0.291057103806325,"Not Significant","Not Significant"
939,6,"DKI JAKARTA",3.12368876768,0.05342566794,0,-0.483845937298922,0.628495210794519,"Not Significant","Not Significant"
940,6,"DKI JAKARTA",3.12368876768,0.05342566794,0,-0.625508174770395,0.531637584821962,"Not Significant","Not Significant"
941,6,"DKI JAKARTA",3.12368876768,0.05342566794,1,-1.01432217777877,0.310429044894043,"Not Significant","Not Significant"
942,6,"DKI JAKARTA",3.12368876768,0.05342566794,0,-0.43842551522284,0.661077853662907,"Not Significant","Not Significant"
949,6,"DKI JAKARTA",3.12368876768,0.05342566794,0,-0.762301863164175,0.445879862158022,"Not Significant","Not Significant"
950,6,"DKI JAKARTA",3.12368876768,0.05342566794,0,-1.19813630596292,0.230863956785562,"Not Significant","Not Significant"
951,6,"DKI JAKARTA",3.12368876768,0.05342566794,0,-1.13508630155353,0.256339160502302,"Not Significant","Not Significant"
952,6,"DKI JAKARTA",3.12368876768,0.05342566794,0,-1.22064201738906,0.222221590195614,"Not Significant","Not Significant"
953,6,"DKI JAKARTA",3.12368876768,0.05342566794,0,-1.30619773322459,0.191485323489477,"Not Significant","Not Significant"
954,6,"DKI JAKARTA",3.12368876768,0.05342566794,0,-1.38093486814198,0.167298987770008,"Not Significant","Not Significant"
955,6,"DKI JAKARTA",3.12368876768,0.05342566794,0,-1.28953558705245,0.197211952666549,"Not Significant","Not Significant"
956,6,"DKI JAKARTA",3.12368876768,0.05342566794,1,-1.47617094338242,0.139898007753292,"Not Significant","Not Significant"
957,6,"DKI JAKARTA",3.12368876768,0.05342566794,0,-1.30619773322459,0.191485323489477,"Not Significant","Not Significant"
958,6,"DKI JAKARTA",3.12368876768,0.05342566794,0,-1.30619773322459,0.191485323489477,"Not Significant","Not Significant"
959,6,"DKI JAKARTA",3.12368876768,0.05342566794,1,-1.39062655442204,0.164338699674862,"Not Significant","Not Significant"
960,6,"DKI JAKARTA",3.12368876768,0.05342566794,0,-1.05748813660945,0.290288866081932,"Not Significant","Not Significant"
961,6,"DKI JAKARTA",3.12368876768,0.05342566794,0,-0.901529826096802,0.367306682898714,"Not Significant","Not Significant"
962,6,"DKI JAKARTA",3.12368876768,0.05342566794,0,-1.05748813660945,0.290288866081932,"Not Significant","Not Significant"
963,6,"DKI JAKARTA",3.12368876768,0.05342566794,0,-0.949493146149686,0.342369856242425,"Not Significant","Not Significant"
964,6,"DKI JAKARTA",3.12368876768,0.05342566794,0,-0.949493146149686,0.342369856242425,"Not Significant","Not Significant"
965,6,"DKI JAKARTA",3.12368876768,0.05342566794,0,-1.17895517791492,0.238416024263797,"Not Significant","Not Significant"
966,6,"DKI JAKARTA",3.12368876768,0.05342566794,0,-0.901529826096802,0.367306682898714,"Not Significant","Not Significant"
967,6,"DKI JAKARTA",3.12368876768,0.05342566794,0,0.443488158431479,0.657412682481699,"Not Significant","Not Significant"
968,6,"DKI JAKARTA",3.12368876768,0.05342566794,0,-0.519780063023282,0.603216876638196,"Not Significant","Not Significant"
969,6,"DKI JAKARTA",3.12368876768,0.05342566794,0,-0.519780063023282,0.603216876638196,"Not Significant","Not Significant"
972,6,"DKI JAKARTA",3.12368876768,0.05342566794,0,-0.762301863164175,0.445879862158022,"Not Significant","Not Significant"
973,6,"DKI JAKARTA",3.12368876768,0.05342566794,0,-0.921059213557612,0.357019512953336,"Not Significant","Not Significant"
974,6,"DKI JAKARTA",3.12368876768,0.05342566794,0,-0.735587491349213,0.461981777284196,"Not Significant","Not Significant"
982,6,"DKI JAKARTA",3.12368876768,0.05342566794,0,-0.901529826096802,0.367306682898714,"Not Significant","Not Significant"
983,6,"DKI JAKARTA",3.12368876768,0.05342566794,0,-1.16548312706921,0.243823486186684,"Not Significant","Not Significant"
984,6,"DKI JAKARTA",3.12368876768,0.05342566794,0,-1.16548312706921,0.243823486186684,"Not Significant","Not Significant"
985,6,"DKI JAKARTA",3.12368876768,0.05342566794,0,-1.16548312706921,0.243823486186684,"Not Significant","Not Significant"
986,6,"DKI JAKARTA",3.12368876768,0.05342566794,0,-0.901529826096802,0.367306682898714,"Not Significant","Not Significant"
987,6,"DKI JAKARTA",3.12368876768,0.05342566794,0,-0.762301863164175,0.445879862158022,"Not Significant","Not Significant"
988,6,"DKI JAKARTA",3.12368876768,0.05342566794,0,-1.05748813660945,0.290288866081932,"Not Significant","Not Significant"
989,6,"DKI JAKARTA",3.12368876768,0.05342566794,0,-1.05748813660945,0.290288866081932,"Not Significant","Not Significant"
990,6,"DKI JAKARTA",3.12368876768,0.05342566794,0,-1.05748813660945,0.290288866081932,"Not Significant","Not Significant"
991,6,"DKI JAKARTA",3.12368876768,0.05342566794,0,-1.05748813660945,0.290288866081932,"Not Significant","Not Significant"
992,6,"DKI JAKARTA",3.12368876768,0.05342566794,0,-0.762301863164175,0.445879862158022,"Not Significant","Not Significant"
997,6,"DKI JAKARTA",3.12368876768,0.05342566794,0,-0.519780063023282,0.603216876638196,"Not Significant","Not Significant"
